id,title,audio_path,duration_sec,leading_silence_sec,trailing_silence_sec,max_internal_gap_sec,flags,notes
denabicr_20130809_020959,Great Grey Owl call with whooping end variation,"highlights/audio/BIRDS/DENABICR_20130809_020959 Great Grey Owl call with whooping end variation TRIM, NOISE REDUCTION, AMPLIFY.mp3",16.361,0.255,2.426,2.473,trailing,trailing silence 2.43s
denafang_20110708_023655,White-tailed Ptarmigan,highlights/audio/BIRDS/DENAFANG_20110708_023655_White-tailed Ptarmigan BESSEL BANDPASS 70 Hz 7000 Hz TRIM.mp3,16.448,0.0,0.0,0.0,,
denahauk_20140606_035354,Northern Waterthrush song with other chorus members,highlights/audio/BIRDS/DENAHAUK_20140606_035354 Northern Waterthrush song with other chorus members TRIM.mp3,69.758,0.0,0.0,0.0,,
denahauk_20140607_214150,Varied Thrush song long sequence,highlights/audio/BIRDS/DENAHAUK_20140607_214150 Varied Thrush song long sequence TRIM BANDPASS 700 - 8000 Hz AMPLIFY +20 dBu TRIM.mp3,40.645,0.0,0.0,0.0,,
denahig1_20120802_035742,Willow Ptarmigan clear TRIMMED,highlights/audio/BIRDS/DENAHIG1_20120802_035742 Willow Ptarmigan clear TRIMMED.mp3,7.423,0.186,0.0,0.0,,
denahog3_20120601_034833,"clear Fox Sparrow song possible calls, chorus background","highlights/audio/BIRDS/DENAHOG3_20120601_034833 clear Fox Sparrow song possible calls, chorus background.mp3",207.0,0.0,0.0,0.221,,
denahog3_20120605_074102,"American Tree Sparrow song, chorus background","highlights/audio/BIRDS/DENAHOG3_20120605_074102 American Tree Sparrow song, chorus background.mp3",70.348,0.023,0.023,5.689,internal_gap,internal gap 5.69s
denahots_20140602_085834,"excellent slow Northern Raven 'croak' calls, popping call, and water-droplet with reverberation","highlights/audio/BIRDS/DENAHOTS_20140602_085834 excellent slow Northern Raven 'croak' calls, popping call, and water-droplet with reverberation TRIM BANDPASS 300 - 8000 Hz AMPLIFY _15 dBu.mp3",52.236,0.035,0.0,1.962,,
denakich_20120524_081441,"Wandering Tattler with background chorus of GCSP, FOSP","highlights/audio/BIRDS/DENAKICH_20120524_081441 Wandering Tattler with background chorus of GCSP, FOSP TRIM.mp3",18.753,0.0,0.0,0.0,,
denamuri_20150516_050450,Common Loon with robust chorus,highlights/audio/BIRDS/DENAMURI_20150516_050450 Common Loon with robust chorus TRIM.mp3,23.307,0.0,0.0,0.0,,
denamuri_20150519_094517,clear Blackpoll Warbler with dense chorus below,highlights/audio/BIRDS/DENAMURI_20150519_094517 clear Blackpoll Warbler with dense chorus below TRIM.mp3,100.3,0.023,0.325,4.365,internal_gap,internal gap 4.37s
denamuri_20150523_045418,"chorus with Swainson's Thrush, Common Loon","highlights/audio/BIRDS/DENAMURI_20150523_045418 chorus with Swainson's Thrush, Common Loon TRIM.mp3",59.915,0.0,0.0,0.0,,
denamuri_20150526_060431,very reverberant Sandhill Crane with chorus,"highlights/audio/BIRDS/DENAMURI_20150526_060431 very reverberant Sandhill Crane with chorus, TRIM.mp3",37.349,0.0,0.302,1.521,,
denapol2_20120619_092801,excellent clear Fox Sparrow song,highlights/audio/BIRDS/DENAPOL2_20120619_092801 excellent clear Fox Sparrow song TRIM.mp3,28.451,0.0,0.0,0.0,,
denasan3_20120603_020932,White-crowned Sparrow song with chorus background,highlights/audio/BIRDS/DENASAN3_20120603_020932 White-crowned Sparrow song with chorus background.mp3,120.0,0.0,0.0,0.0,,
denasush_20260610_092353,"excellent Northern Raven flight calls with reverberance, preceded by wingbeats (small","highlights/audio/BIRDS/DENASUSH_20260610_092353 excellent Northern Raven flight calls with reverberance, preceded by wingbeats (small TRIM).mp3",54.759,0.0,0.0,0.0,,
denatoko_20160512_052310,White-crowned Sparrow song with chorus background,highlights/audio/BIRDS/DENATOKO_20160512_052310 White-crowned Sparrow song with chorus background.mp3,61.0,0.0,0.0,0.0,,
denatoko_20160616_053228,"Orange-crowned Warbler song background chorus, Tokositna River","highlights/audio/BIRDS/DENATOKO_20160616_053228 Orange-crowned Warbler song background chorus, Tokositna River.mp3",394.0,0.0,0.0,0.0,,
denatrla_20240624_045058,clear American Three-toed Woodpecker drumming with lively chorus SWTH DEJU,highlights/audio/BIRDS/DENATRLA_20240624_045058 clear American Three-toed Woodpecker drumming with lively chorus SWTH DEJU TRIM.mp3,68.2,0.0,0.0,0.0,,
denawocr_20150624_202549,Fox Sparrow song with thunder and Swainson's Thrush,highlights/audio/BIRDS/DENAWOCR_20150624_202549 Fox Sparrow song with thunder and Swainson's Thrush TRIM.mp3,29.075,0.0,0.0,0.232,,
gaarflor_20180615_045829,very clear American Robin song,highlights/audio/BIRDS/GAARFLOR_20180615_045829 very clear American Robin song.mp3,90.0,0.0,0.0,0.0,,
gaarflor_20180617_125710,"chorus with White-crowned Sparrow, Swainson's Thrush, American Red Squirrel","highlights/audio/BIRDS/GAARFLOR_20180617_125710 chorus with White-crowned Sparrow, Swainson's Thrush, American Red Squirrel.mp3",169.013,0.0,0.0,0.0,,
gaarflor_20180618_053001,Common Loon with rich avian chorus,highlights/audio/BIRDS/GAARFLOR_20180618_053001 Common Loon with rich avian chorus.mp3,102.0,0.0,0.0,0.0,,
gaarmwal_20140617_064326,Mew Gull with chorus background,highlights/audio/BIRDS/GAARMWAL_20140617_064326 Mew Gull with chorus background TRIM.mp3,43.202,0.244,0.0,0.0,,
gaarnnut_20140704_072937,"clear, punctuated Common Loon, background chorus","highlights/audio/BIRDS/GAARNNUT_20140704_072937 clear, punctuated Common Loon, background chorus.mp3",531.018,0.0,0.023,0.708,,
gaarupno_20180606_150920,avian chorus with Savanah Sparrow and occasional insect wingbeats,highlights/audio/BIRDS/GAARUPNO_20180606_150920 avian chorus with Savanah Sparrow and occasional insect wingbeats.mp3,236.0,0.0,0.0,0.0,,
gaarupno_20180607_025501,Savanah Sparrow song with chorus background,highlights/audio/BIRDS/GAARUPNO_20180607_025501 Savanah Sparrow song with chorus background.mp3,82.0,0.0,0.0,0.0,,
glbabartc_20200707_111214,GLBABARTC_20200707_111214._Sooty_Grous_near_mic_AMPLIFY_FADEewav,highlights/audio/BIRDS/GLBABARTC_20200707_111214._Sooty_Grous_near_mic_AMPLIFY_FADEewav.mp3,59.903,0.255,4.249,0.221,trailing,trailing silence 4.25s
glbarendu_20220616_230000,very clear Varied Thrush song background Humpback Whale activity (TRIM),highlights/audio/BIRDS/GLBARENDU_20220616_230000 very clear Varied Thrush song background Humpback Whale activity (TRIM).mp3,96.351,0.255,0.0,0.0,,
katmcros_20170731_051841,"Gray-cheeked Thrush song with diverse, distant riparian background chorus","highlights/audio/BIRDS/KATMCROS_20170731_051841 Gray-cheeked Thrush song with diverse, distant riparian background chorus.mp3",76.59,0.116,0.012,0.871,,
katmjojo_20160710_221044,excellent Common Loon call chorus,highlights/audio/BIRDS/KATMJOJO_20160710_221044 excellent Common Loon call chorus.mp3,135.002,0.0,0.0,0.0,,
katmkaba_20160823_205149,"excellent very clear Northern Raven calls, background American Tree Sparrow calls","highlights/audio/BIRDS/KATMKABA_20160823_205149 excellent very clear Northern Raven calls, background American Tree Sparrow calls.mp3",66.0,0.0,0.0,0.0,,
laclhanm_20190829_062559,very clear Common Loon calls with extensive echo and some distortion (TRIM),highlights/audio/BIRDS/LACLHANM_20190829_062559 very clear Common Loon calls with extensive echo and some distortion (TRIM).mp3,25.165,0.255,0.36,0.557,,
denahig1_20120728_122042,insect and running animal,highlights/audio/GENERAL/DENAHIG1_20120728_122042 insect and running animal.mp3,37.0,0.0,0.0,0.046,,
denamoos_20180814_105458,if a tree falls,highlights/audio/GENERAL/DENAMOOS_20180814_105458 if a tree falls.mp3,19.0,0.012,0.012,0.035,,
denaphen_20160326_044922,Denali Kennels dogs howling,highlights/audio/GENERAL/DENAPHEN_20160326_044922 Denali Kennels dogs howling TRIM.mp3,79.375,0.0,0.0,0.0,,
denaphen_20160326_044922-mp3,Denali Kennels dogs howling,highlights/audio/GENERAL/DENAPHEN_20160326_044922 Denali Kennels dogs howling.mp3,95.0,0.0,0.0,0.0,,
denathri_20150630_125351,rain faint chorus,highlights/audio/GENERAL/DENATHRI_20150630_125351 rain faint chorus.mp3,154.0,0.0,0.0,0.0,,
denatoko_20160511_070134,long cut of avian chorus with showers,highlights/audio/GENERAL/DENATOKO_20160511_070134 long cut of avian chorus with showers TRIM.mp3,120.0,0.0,0.0,0.0,,
denatoko_20160513_130223,animal movement bird chorus and river,highlights/audio/GENERAL/DENATOKO_20160513_130223 animal movement bird chorus and river.mp3,127.0,0.0,0.0,0.0,,
glbabartc_20210726_194850,curious_natural_sound like child humming,highlights/audio/GENERAL/GLBABARTC_20210726_194850_curious_natural_sound like child humming TRIM FADE COMPRESS AMPLIFY.mp3,105.423,0.267,1.324,0.07,trailing,trailing silence 1.32s
laclkijk_20180619_193149,ambience with raindrops and punctuated bird song,highlights/audio/GENERAL/LACLKIJK_20180619_193149 ambience with raindrops and punctuated bird song.mp3,132.0,0.0,0.0,0.0,,
laclkijk_20180619_194318,ambience with raindrops and avian chorus,highlights/audio/GENERAL/LACLKIJK_20180619_194318 ambience with raindrops and avian chorus.mp3,187.0,0.0,0.0,0.0,,
denaback_20140609_004008,pronounced rock slide with several phases,highlights/audio/GEOPHONY/DENABACK_20140609_004008 pronounced rock slide with several phases AMPLIFY +15 dBFS (slight TRIM).mp3,99.696,0.058,0.0,0.464,,
denaback_20140724_210128,rock slide with large pieces at end,highlights/audio/GEOPHONY/DENABACK_20140724_210128 rock slide with large pieces at end.mp3,50.18,0.0,0.0,0.0,,
denabicr_20130707_143335,DENABICR_20130707_143335-Thunder And Rain,highlights/audio/GEOPHONY/DENABICR_20130707_143335-Thunder And Rain TRIM.mp3,33.747,0.244,0.046,0.151,,
denabmul_20210330_001843,Muldrow surge long cut,highlights/audio/GEOPHONY/DENABMUL_20210330_001843 Muldrow surge long cut TRIM.mp3,120.0,0.046,0.255,0.372,,
denabmul_20210401_051821,Muldrow surge long cut,highlights/audio/GEOPHONY/DENABMUL_20210401_051821 Muldrow surge long cut TRIM.mp3,120.0,0.012,0.0,0.557,,
denabmul_20210401_051821-mp3,Muldrow surge shorter clip,highlights/audio/GEOPHONY/DENABMUL_20210401_051821 Muldrow surge shorter clip.mp3,85.853,0.012,0.0,0.557,,
denabmul_20210401_091907,"Muldrow surge long cut, extensive low-frequency rumbling features","highlights/audio/GEOPHONY/DENABMUL_20210401_091907 Muldrow surge long cut, extensive low-frequency rumbling features TRIM.mp3",120.0,0.023,0.0,0.128,,
denacath_20120808_064000,"good quality rock slide, slow speed, blocky extrusive igneous chunks","highlights/audio/GEOPHONY/DENACATH_20120808_064000 good quality rock slide, slow speed, blocky extrusive igneous chunks TRIM.mp3",24.934,0.0,0.0,0.012,,
denakich_20120522_100025,Avalanche with bird song,highlights/audio/GEOPHONY/DENAKICH_20120522_100025_Avalanche with bird song.mp3,179.0,0.0,0.0,0.0,,
denakich_20120522_161217,Avalanche loud and sudden,highlights/audio/GEOPHONY/DENAKICH_20120522_161217 Avalanche loud and sudden AMPLIFY -3 dBFS FADE OUT.mp3,54.83,0.0,0.522,0.023,,
denaruth_20190526_040919,small avalanche with distinct slab-breaking event,highlights/audio/GEOPHONY/DENARUTH_20190526_040919 small avalanche with distinct slab-breaking event AMPLIFY +15dB.mp3,157.0,0.128,0.081,0.72,,
denaruth_20190529_214609,prominent snow avalanche,highlights/audio/GEOPHONY/DENARUTH_20190529_214609 prominent snow avalanche.mp3,65.869,0.244,0.255,22.163,internal_gap,internal gap 22.16s
denaskgl_20210602_041003,rock slide,highlights/audio/GEOPHONY/DENASKGL_20210602_041003 rock slide.mp3,268.0,0.0,0.151,0.302,,
denasush_20260612_111248,"clear, crisp thunder","highlights/audio/GEOPHONY/DENASUSH_20260612_111248 clear, crisp thunder TRIM.mp3",34.391,0.255,5.898,1.753,trailing,trailing silence 5.90s
denatrla_20240802_081511,"a moderate-sized rock slide for this site location, probably from Nenana Ridge to the northeast, ~500 meters","highlights/audio/GEOPHONY/DENATRLA_20240802_081511 a moderate-sized rock slide for this site location, probably from Nenana Ridge to the northeast, ~500 meters.mp3",24.0,0.0,0.0,0.0,,
denatrla_20240802_152712,"rock slide, probably from Nenana Ridge to northeast about 500 meters","highlights/audio/GEOPHONY/DENATRLA_20240802_152712 rock slide, probably from Nenana Ridge to northeast about 500 meters.mp3",54.0,0.0,0.0,0.0,,
denaudal_20100702_132530,ice bubbles and creaking,highlights/audio/GEOPHONY/DENAUDAL_20100702_132530 ice bubbles and creaking.mp3,86.0,0.0,0.0,0.0,,
denaudal_20100702_132533,ice bubbles and creaking,highlights/audio/GEOPHONY/DENAUDAL_20100702_132533 ice bubbles and creaking BESSEL FILTER 1000 - 10000 Hz AMPLIFY +20 dBFS.mp3,65.411,0.012,0.035,0.0,,
denaupel_20130511_232743,DENAUPEL_20130511_232743-RockSlide,highlights/audio/GEOPHONY/DENAUPEL_20130511_232743-RockSlide.mp3,78.0,0.0,0.0,0.023,,
denautok_20190810_082714,rock slide with deep thump,highlights/audio/GEOPHONY/DENAUTOK_20190810_082714 rock slide with deep thump.mp3,11.231,0.0,0.0,0.0,,
denauyen_20120520_124131,short midground rock slide,highlights/audio/GEOPHONY/DENAUYEN_20120520_124131 short midground rock slide.mp3,27.0,0.012,0.0,0.0,,
denauyen_20120520_180417,"avalanche with two major bursts, then a long wash-out","highlights/audio/GEOPHONY/DENAUYEN_20120520_180417 avalanche with two major bursts, then a long wash-out.mp3",87.0,0.012,0.0,0.046,,
denauyen_20120521_144128,"clear, deep rock motion on the glacier","highlights/audio/GEOPHONY/DENAUYEN_20120521_144128 clear, deep rock motion on the glacier.mp3",23.357,0.0,0.081,0.406,,
denauyen_20120523_075701,quality rock slide audio,highlights/audio/GEOPHONY/DENAUYEN_20120523_075701 quality rock slide audio.mp3,64.757,0.0,0.0,0.0,,
denauyen_20120524_215113,"excellent, steady rock slide audio","highlights/audio/GEOPHONY/DENAUYEN_20120524_215113 excellent, steady rock slide audio.mp3",66.193,0.464,0.081,0.151,,
gaararri_20180624_075645,"small rockfall, background avian chorus","highlights/audio/GEOPHONY/GAARARRI_20180624_075645 small rockfall, background avian chorus.mp3",105.0,0.0,0.0,0.0,,
gaararri_20180625_071639,"rockslide, background Golden-crowned Sparrow song","highlights/audio/GEOPHONY/GAARARRI_20180625_071639 rockslide, background Golden-crowned Sparrow song TRIM.mp3",41.637,0.0,0.0,0.0,,
gaararri_20180628_145728,Thunder and beginning of rain shower,highlights/audio/GEOPHONY/GAARARRI_20180628_145728 Thunder and beginning of rain shower.mp3,40.072,0.0,0.0,0.0,,
gaaritki_20190621_150734,thunder,highlights/audio/GEOPHONY/GAARITKI_20190621_150734 thunder AMPLIFY +10dB.mp3,40.346,0.987,0.012,0.964,,
gaarnwal_20140708_140748,thunder no clipping,highlights/audio/GEOPHONY/GAARNWAL_20140708_140748 thunder no clipping.mp3,31.87,0.348,0.0,0.232,,
denacabn_20130714_112628,DENACABN_20130714_112628-UnknownOrthopteran,highlights/audio/INSECTS/DENACABN_20130714_112628-UnknownOrthopteran.mp3,95.0,0.0,0.0,0.0,,
denamcri_20120725_151912,Mosquito (clear),highlights/audio/INSECTS/DENAMCRI_20120725_151912_Mosquito (clear).mp3,35.0,0.0,0.0,0.0,,
denamcri_20120810_191000,mosquitos close,highlights/audio/INSECTS/DENAMCRI_20120810_191000 mosquitos close.mp3,126.0,0.0,0.0,0.0,,
denamoos_20180719_075149,insect wingbeats with two acoustically distinct behaviors,highlights/audio/INSECTS/DENAMOOS_20180719_075149 insect wingbeats with two acoustically distinct behaviors.mp3,237.0,0.0,0.0,0.0,,
denatoko_20160506_015745,deep insect wingbeats,highlights/audio/INSECTS/DENATOKO_20160506_015745 deep insect wingbeats.mp3,19.0,0.0,0.0,0.0,,
denatoko_20160507_232954,insect wingbeats with Varied Thrush song,highlights/audio/INSECTS/DENATOKO_20160507_232954 insect wingbeats with Varied Thrush song.mp3,35.0,0.0,0.0,0.0,,
denatoko_20190701_100630,long insect wingbeat tone,highlights/audio/INSECTS/DENATOKO_20190701_100630 long insect wingbeat tone.mp3,163.0,0.0,0.0,0.0,,
denatrla_20240629_213201,very clear insect wings close to the windscreen,highlights/audio/INSECTS/DENATRLA_20240629_213201 very clear insect wings close to the windscreen.mp3,24.0,0.0,0.0,0.0,,
gaararri_20180625_195435,bumble bee and avian chorus,highlights/audio/INSECTS/GAARARRI_20180625_195435 bumble bee and avian chorus.mp3,59.0,0.0,0.0,0.0,,
gaararri_20180723_155006,Grasshoppers stridulating,highlights/audio/INSECTS/GAARARRI_20180723_155006 Grasshoppers stridulating.mp3,243.0,0.0,0.0,0.0,,
gaarflor_20180612_210329,clear insect buzzing,highlights/audio/INSECTS/GAARFLOR_20180612_210329 clear insect buzzing.mp3,76.0,0.023,0.012,0.081,,
gaarflor_20180704_185606,moth wingbeats,highlights/audio/INSECTS/GAARFLOR_20180704_185606 moth wingbeats.mp3,112.0,0.0,0.012,22.105,internal_gap,internal gap 22.11s
gaarnnut_20140705_214919,very clear insect wingbeats,highlights/audio/INSECTS/GAARNNUT_20140705_214919 very clear insect wingbeats.mp3,114.0,0.023,0.012,0.139,,
gaarnnut_20140706_112454,"long, horrible insect recording","highlights/audio/INSECTS/GAARNNUT_20140706_112454 long, horrible insect recording.mp3",135.0,0.0,0.0,0.035,,
gaarpala_20190615_075733,"interesting repeated insect wingbeats with nearly identical harmonic structure each time, avian background","highlights/audio/INSECTS/GAARPALA_20190615_075733 interesting repeated insect wingbeats with nearly identical harmonic structure each time, avian background.mp3",136.0,0.0,0.0,0.267,,
gaarupno_20180726_222040,fly sporadically buzzes,highlights/audio/INSECTS/GAARUPNO_20180726_222040 fly sporadically buzzes.mp3,101.0,0.0,0.0,0.0,,
katmdori_20160811_093232,a long insect event with rich harmonics,highlights/audio/INSECTS/KATMDORI_20160811_093232 a long insect event with rich harmonics.mp3,236.0,0.0,0.0,0.0,,
katmjojo_20160628_090025,insect wingbeats slowly increase in pitch,highlights/audio/INSECTS/KATMJOJO_20160628_090025 insect wingbeats slowly increase in pitch.mp3,164.0,0.0,0.0,0.0,,
katmkaba_20160730_044150,"large insect repeatedly lands on windscreen, background gulls surf","highlights/audio/INSECTS/KATMKABA_20160730_044150 large insect repeatedly lands on windscreen, background gulls surf.mp3",210.0,0.0,0.0,0.0,,
katmtact_20170714_114719,good quality buzzy insect wingbeats,highlights/audio/INSECTS/KATMTACT_20170714_114719 good quality buzzy insect wingbeats.mp3,90.0,0.0,0.0,0.0,,
denacath_20170727_181009,Arctic Ground Squirrel call with reverberation,highlights/audio/MAMMALS/DENACATH_20170727_181009 Arctic Ground Squirrel call with reverberation.mp3,64.0,0.36,0.209,4.725,internal_gap,internal gap 4.72s
denafang_20110706_064839,Dall Sheep bleating,highlights/audio/MAMMALS/DENAFANG_20110706_064839_Dall Sheep bleating TRIM.mp3,46.487,0.0,0.0,0.0,,
denafang_20130730_090604,Caribou_Walking-Snorting-Grazing,highlights/audio/MAMMALS/DENAFANG_20130730_090604_Caribou_Walking-Snorting-Grazing.mp3,96.235,0.07,0.0,0.383,,
denahauk_20140617_084002,iron creek west wolves (male 1405) howling interspersed with dawn chorus,highlights/audio/MAMMALS/DENAHAUK_20140617_084002 iron creek west wolves (male 1405) howling interspersed with dawn chorus TRIM.mp3,28.27,0.0,0.0,0.0,,
denahauk_20140617_084002-mp3,iron creek west wolves (male 1405) howling interspersed with dawn chorus,highlights/audio/MAMMALS/DENAHAUK_20140617_084002 iron creek west wolves (male 1405) howling interspersed with dawn chorus.mp3,101.253,0.0,0.0,0.081,,
denahots_20140601_212218,American Red Squirrel very clear and possible to hear palate or nasal-related sounds,highlights/audio/MAMMALS/DENAHOTS_20140601_212218 American Red Squirrel very clear and possible to hear palate or nasal-related sounds TRIM.mp3,63.015,0.0,0.012,0.186,,
denarugl_20060619_043533,Bear attacks audio equipment,highlights/audio/MAMMALS/DENARUGL_20060619_043533 Bear attacks audio equipment.mp3,11.938,0.035,0.604,2.183,,
denatrla_20170712_233940,very clear reverberant Coyote howls,highlights/audio/MAMMALS/DENATRLA_20170712_233940 very clear reverberant Coyote howls TRIM.mp3,80.727,0.012,1.045,3.936,trailing|internal_gap,trailing silence 1.04s; internal gap 3.94s
denatrla_20180809_213355,coyote howls,highlights/audio/MAMMALS/DENATRLA_20180809_213355 coyote howls AMPLIFY +15dB.mp3,35.482,0.0,0.0,0.0,,
denatrla_20240618_160107,"clear, relatively undistorted American Red Squirrel calls","highlights/audio/MAMMALS/DENATRLA_20240618_160107 clear, relatively undistorted American Red Squirrel calls TRIM.mp3",44.096,0.0,0.0,0.0,,
denatrla_20240719_213623,"very clear, spastic and varied American Red Squirrel alarm calls","highlights/audio/MAMMALS/DENATRLA_20240719_213623 very clear, spastic and varied American Red Squirrel alarm calls TRIM.mp3",25.708,0.0,0.0,0.0,,
denavabm_20090729_035000,Bear huffing,highlights/audio/MAMMALS/DENAVABM_20090729_035000_Bear huffing.mp3,4.928,0.0,0.0,0.0,,
glbabartc_20210628_065656,Humpback Whale vocalizations and slapping with Sooty Grouse and avian chorus,highlights/audio/MAMMALS/GLBABARTC_20210628_065656 Humpback Whale vocalizations and slapping with Sooty Grouse and avian chorus TRIM COMPRESS AMPLIFY FADE.mp3,181.579,0.279,6.269,0.395,trailing,trailing silence 6.27s
glbabartc_20210628_065656-mp3,Humpback Whale vocalizations and slapping with Sooty Grouse and avian chorus TRIMMED MORE,"highlights/audio/MAMMALS/GLBABARTC_20210628_065656 Humpback Whale vocalizations and slapping with Sooty Grouse and avian chorus TRIMMED MORE, COMPRESS AMPLIFY FADE.mp3",68.173,0.0,0.0,0.0,,
glbamcleod_20220611_034405,a long sequence of Humpback Whale breathing,highlights/audio/MAMMALS/GLBAMCLEOD_20220611_034405 a long sequence of Humpback Whale breathing TRIM.mp3,74.188,0.0,0.0,0.0,,
glbarendu_20220610_213326,Humpback Whale with birdsong in background,highlights/audio/MAMMALS/GLBARENDU_20220610_213326 Humpback Whale with birdsong in background TRIM.mp3,86.69,0.0,0.0,0.0,,
glbarendu_20220612_162613,low-pitched Humpback Whale calls,highlights/audio/MAMMALS/GLBARENDU_20220612_162613 low-pitched Humpback Whale calls.mp3,27.0,0.0,0.0,0.0,,
glbarendu_20220613_214042,Humpback Whale slapping sounds,highlights/audio/MAMMALS/GLBARENDU_20220613_214042 Humpback Whale slapping sounds TRIM.mp3,111.505,0.244,1.73,6.177,trailing|internal_gap,trailing silence 1.73s; internal gap 6.18s
glbarendu_20220613_234543,varied alarm calls including Hoary Marmot,highlights/audio/MAMMALS/GLBARENDU_20220613_234543 varied alarm calls including Hoary Marmot.mp3,30.0,0.0,0.0,0.0,,
katm005_20100915_070024,excellent gutteral bear sounds,highlights/audio/MAMMALS/KATM005_20100915_070024 excellent gutteral bear sounds TRIM.mp3,34.0,0.0,0.0,0.0,,
laclchba_20180703_060620,clear coyotes,highlights/audio/MAMMALS/LACLCHBA_20180703_060620 clear coyotes.mp3,110.0,0.058,0.0,0.0,,
wrstblmt_20150402_093032,clear wolves howling with Ptarmigan pt. 2,highlights/audio/MAMMALS/WRSTBLMT_20150402_093032 clear wolves howling with Ptarmigan pt. 2.mp3,51.598,0.0,0.0,0.0,,
wrstblmt_20150402_093032-mp3,"clear wolves howling, slowly builds, Ptarmigan joins too!","highlights/audio/MAMMALS/WRSTBLMT_20150402_093032 clear wolves howling, slowly builds, Ptarmigan joins too!.mp3",102.945,0.255,0.0,0.0,,
wrstblmt_20150409_103518,Wolves howling - three distinct voices from an individual followed by group chorus,highlights/audio/MAMMALS/WRSTBLMT_20150409_103518 Wolves howling - three distinct voices from an individual followed by group chorus.mp3,109.0,0.0,0.0,0.0,,
wrstblmt_20150429_225402,clear Wolves howling,highlights/audio/MAMMALS/WRSTBLMT_20150429_225402 clear Wolves howling.mp3,79.0,0.0,0.255,1.138,,
wrstblmt_20170128_072543,excellent wolf pack howling - beautiful spectrogram,highlights/audio/MAMMALS/WRSTBLMT_20170128_072543 excellent wolf pack howling - beautiful spectrogram - BANDPASS 100 - 4000 Hz AMPLIFY +8 dBFS.mp3,90.385,0.255,3.053,3.553,trailing|internal_gap,trailing silence 3.05s; internal gap 3.55s
wrstblmt_20170204_124537,clear solitary wolf howling occasional background group,highlights/audio/MAMMALS/WRSTBLMT_20170204_124537 clear solitary wolf howling occasional background group BANDPASS 200 - 2500 Hz AMPLIFY +15 dBFS.mp3,304.044,0.255,0.0,21.606,internal_gap,internal gap 21.61s
wrstblmt_20170204_124537-mp3,clear solitary wolf howling occasional background group,highlights/audio/MAMMALS/WRSTBLMT_20170204_124537 clear solitary wolf howling occasional background group.mp3,306.0,0.046,0.0,0.325,,
wrstblmt_20170211_002212,solitary wolf howl leads into group howling,highlights/audio/MAMMALS/WRSTBLMT_20170211_002212 solitary wolf howl leads into group howling.mp3,160.0,0.104,0.0,0.395,,
wrstblmt_20170322_201312,"clear solitary wolf howling, vocal cracking","highlights/audio/MAMMALS/WRSTBLMT_20170322_201312 clear solitary wolf howling, vocal cracking.mp3",68.0,0.0,0.0,0.0,,
wrstcopa_20160313_014852,solitary wolf howl very clear,highlights/audio/MAMMALS/WRSTCOPA_20160313_014852 solitary wolf howl very clear.mp3,55.741,0.255,3.599,7.384,trailing|internal_gap,trailing silence 3.60s; internal gap 7.38s
wrsttala_20160229_204005,clear group wolf howls,highlights/audio/MAMMALS/WRSTTALA_20160229_204005 clear group wolf howls TRIM.mp3,43.369,0.0,0.0,0.0,,
wrsttala_20160401_010659,relatively clear pair of wolves howling with reverberation,highlights/audio/MAMMALS/WRSTTALA_20160401_010659 relatively clear pair of wolves howling with reverberation TRIM AMPLIFY +10dB.mp3,42.915,0.0,0.0,0.0,,
