id,title,source_path,archive_path,output_path,status,input_i_lufs,input_tp_db,input_lra,effective_target_lufs,target_offset_db,applied_gain_db,uncapped_gain_db,flags,notes
denabicr_20130809_020959,Great Grey Owl call with whooping end variation,"highlights/audio/BIRDS/DENABICR_20130809_020959 Great Grey Owl call with whooping end variation TRIM, NOISE REDUCTION, AMPLIFY.mp3","archive/pre_loudness_normalize/highlights/audio/BIRDS/DENABICR_20130809_020959 Great Grey Owl call with whooping end variation TRIM, NOISE REDUCTION, AMPLIFY.mp3","highlights/audio_normalized/BIRDS/DENABICR_20130809_020959 Great Grey Owl call with whooping end variation TRIM, NOISE REDUCTION, AMPLIFY.mp3",ok,-20.19,-7.27,7.5,-18.0,0.32,2.19,2.19,,
denafang_20110708_023655,White-tailed Ptarmigan,highlights/audio/BIRDS/DENAFANG_20110708_023655_White-tailed Ptarmigan BESSEL BANDPASS 70 Hz 7000 Hz TRIM.mp3,archive/pre_loudness_normalize/highlights/audio/BIRDS/DENAFANG_20110708_023655_White-tailed Ptarmigan BESSEL BANDPASS 70 Hz 7000 Hz TRIM.mp3,highlights/audio_normalized/BIRDS/DENAFANG_20110708_023655_White-tailed Ptarmigan BESSEL BANDPASS 70 Hz 7000 Hz TRIM.mp3,ok,-49.1,-25.27,16.0,-37.1,1.59,12.0,31.1,gain_capped,boost capped at 12.0 dB (would have been 31.1 dB)
denahauk_20140606_035354,Northern Waterthrush song with other chorus members,highlights/audio/BIRDS/DENAHAUK_20140606_035354 Northern Waterthrush song with other chorus members TRIM.mp3,archive/pre_loudness_normalize/highlights/audio/BIRDS/DENAHAUK_20140606_035354 Northern Waterthrush song with other chorus members TRIM.mp3,highlights/audio_normalized/BIRDS/DENAHAUK_20140606_035354 Northern Waterthrush song with other chorus members TRIM.mp3,ok,-47.17,-32.79,20.3,-35.17,1.47,12.0,29.17,gain_capped,boost capped at 12.0 dB (would have been 29.2 dB)
denahauk_20140607_214150,Varied Thrush song long sequence,highlights/audio/BIRDS/DENAHAUK_20140607_214150 Varied Thrush song long sequence TRIM BANDPASS 700 - 8000 Hz AMPLIFY +20 dBu TRIM.mp3,archive/pre_loudness_normalize/highlights/audio/BIRDS/DENAHAUK_20140607_214150 Varied Thrush song long sequence TRIM BANDPASS 700 - 8000 Hz AMPLIFY +20 dBu TRIM.mp3,highlights/audio_normalized/BIRDS/DENAHAUK_20140607_214150 Varied Thrush song long sequence TRIM BANDPASS 700 - 8000 Hz AMPLIFY +20 dBu TRIM.mp3,ok,-37.45,-25.24,21.6,-25.45,2.62,12.0,19.45,gain_capped,boost capped at 12.0 dB (would have been 19.5 dB)
denahig1_20120802_035742,Willow Ptarmigan clear TRIMMED,highlights/audio/BIRDS/DENAHIG1_20120802_035742 Willow Ptarmigan clear TRIMMED.mp3,archive/pre_loudness_normalize/highlights/audio/BIRDS/DENAHIG1_20120802_035742 Willow Ptarmigan clear TRIMMED.mp3,highlights/audio_normalized/BIRDS/DENAHIG1_20120802_035742 Willow Ptarmigan clear TRIMMED.mp3,ok,-52.66,-29.46,10.5,-40.66,2.68,12.0,34.66,gain_capped,boost capped at 12.0 dB (would have been 34.7 dB)
denahog3_20120601_034833,"clear Fox Sparrow song possible calls, chorus background","highlights/audio/BIRDS/DENAHOG3_20120601_034833 clear Fox Sparrow song possible calls, chorus background.mp3","archive/pre_loudness_normalize/highlights/audio/BIRDS/DENAHOG3_20120601_034833 clear Fox Sparrow song possible calls, chorus background.mp3","highlights/audio_normalized/BIRDS/DENAHOG3_20120601_034833 clear Fox Sparrow song possible calls, chorus background.mp3",ok,-46.5,-15.42,8.7,-34.5,0.16,12.0,28.5,gain_capped,boost capped at 12.0 dB (would have been 28.5 dB)
denahog3_20120605_074102,"American Tree Sparrow song, chorus background","highlights/audio/BIRDS/DENAHOG3_20120605_074102 American Tree Sparrow song, chorus background.mp3","archive/pre_loudness_normalize/highlights/audio/BIRDS/DENAHOG3_20120605_074102 American Tree Sparrow song, chorus background.mp3","highlights/audio_normalized/BIRDS/DENAHOG3_20120605_074102 American Tree Sparrow song, chorus background.mp3",ok,-19.67,-7.63,22.7,-18.0,-0.79,1.67,1.67,,
denahots_20140602_085834,"excellent slow Northern Raven 'croak' calls, popping call, and water-droplet with reverberation","highlights/audio/BIRDS/DENAHOTS_20140602_085834 excellent slow Northern Raven 'croak' calls, popping call, and water-droplet with reverberation TRIM BANDPASS 300 - 8000 Hz AMPLIFY _15 dBu.mp3","archive/pre_loudness_normalize/highlights/audio/BIRDS/DENAHOTS_20140602_085834 excellent slow Northern Raven 'croak' calls, popping call, and water-droplet with reverberation TRIM BANDPASS 300 - 8000 Hz AMPLIFY _15 dBu.mp3","highlights/audio_normalized/BIRDS/DENAHOTS_20140602_085834 excellent slow Northern Raven 'croak' calls, popping call, and water-droplet with reverberation TRIM BANDPASS 300 - 8000 Hz AMPLIFY _15 dBu.mp3",ok,-26.97,-12.16,27.0,-18.0,0.46,8.97,8.97,,
denakich_20120524_081441,"Wandering Tattler with background chorus of GCSP, FOSP","highlights/audio/BIRDS/DENAKICH_20120524_081441 Wandering Tattler with background chorus of GCSP, FOSP TRIM.mp3","archive/pre_loudness_normalize/highlights/audio/BIRDS/DENAKICH_20120524_081441 Wandering Tattler with background chorus of GCSP, FOSP TRIM.mp3","highlights/audio_normalized/BIRDS/DENAKICH_20120524_081441 Wandering Tattler with background chorus of GCSP, FOSP TRIM.mp3",ok,-50.89,-27.61,2.1,-38.89,0.29,12.0,32.89,gain_capped,boost capped at 12.0 dB (would have been 32.9 dB)
denamuri_20150516_050450,Common Loon with robust chorus,highlights/audio/BIRDS/DENAMURI_20150516_050450 Common Loon with robust chorus TRIM.mp3,archive/pre_loudness_normalize/highlights/audio/BIRDS/DENAMURI_20150516_050450 Common Loon with robust chorus TRIM.mp3,highlights/audio_normalized/BIRDS/DENAMURI_20150516_050450 Common Loon with robust chorus TRIM.mp3,ok,-47.94,-35.42,19.3,-35.94,-0.6,12.0,29.94,gain_capped,boost capped at 12.0 dB (would have been 29.9 dB)
denamuri_20150519_094517,clear Blackpoll Warbler with dense chorus below,highlights/audio/BIRDS/DENAMURI_20150519_094517 clear Blackpoll Warbler with dense chorus below TRIM.mp3,archive/pre_loudness_normalize/highlights/audio/BIRDS/DENAMURI_20150519_094517 clear Blackpoll Warbler with dense chorus below TRIM.mp3,highlights/audio_normalized/BIRDS/DENAMURI_20150519_094517 clear Blackpoll Warbler with dense chorus below TRIM.mp3,ok,-35.32,-14.14,24.0,-23.32,4.37,12.0,17.32,gain_capped,boost capped at 12.0 dB (would have been 17.3 dB)
denamuri_20150523_045418,"chorus with Swainson's Thrush, Common Loon","highlights/audio/BIRDS/DENAMURI_20150523_045418 chorus with Swainson's Thrush, Common Loon TRIM.mp3","archive/pre_loudness_normalize/highlights/audio/BIRDS/DENAMURI_20150523_045418 chorus with Swainson's Thrush, Common Loon TRIM.mp3","highlights/audio_normalized/BIRDS/DENAMURI_20150523_045418 chorus with Swainson's Thrush, Common Loon TRIM.mp3",ok,-51.0,-33.0,10.3,-39.0,-1.04,12.0,33.0,gain_capped,boost capped at 12.0 dB (would have been 33.0 dB)
denamuri_20150526_060431,very reverberant Sandhill Crane with chorus,"highlights/audio/BIRDS/DENAMURI_20150526_060431 very reverberant Sandhill Crane with chorus, TRIM.mp3","archive/pre_loudness_normalize/highlights/audio/BIRDS/DENAMURI_20150526_060431 very reverberant Sandhill Crane with chorus, TRIM.mp3","highlights/audio_normalized/BIRDS/DENAMURI_20150526_060431 very reverberant Sandhill Crane with chorus, TRIM.mp3",ok,-36.18,-10.6,17.3,-24.18,4.3,12.0,18.18,gain_capped,boost capped at 12.0 dB (would have been 18.2 dB)
denapol2_20120619_092801,excellent clear Fox Sparrow song,highlights/audio/BIRDS/DENAPOL2_20120619_092801 excellent clear Fox Sparrow song TRIM.mp3,archive/pre_loudness_normalize/highlights/audio/BIRDS/DENAPOL2_20120619_092801 excellent clear Fox Sparrow song TRIM.mp3,highlights/audio_normalized/BIRDS/DENAPOL2_20120619_092801 excellent clear Fox Sparrow song TRIM.mp3,ok,-35.2,-22.93,23.8,-23.2,-0.42,12.0,17.2,gain_capped,boost capped at 12.0 dB (would have been 17.2 dB)
denasan3_20120603_020932,White-crowned Sparrow song with chorus background,highlights/audio/BIRDS/DENASAN3_20120603_020932 White-crowned Sparrow song with chorus background.mp3,archive/pre_loudness_normalize/highlights/audio/BIRDS/DENASAN3_20120603_020932 White-crowned Sparrow song with chorus background.mp3,highlights/audio_normalized/BIRDS/DENASAN3_20120603_020932 White-crowned Sparrow song with chorus background.mp3,ok,-39.07,-28.29,19.1,-27.07,5.0,12.0,21.07,gain_capped,boost capped at 12.0 dB (would have been 21.1 dB)
denasush_20260610_092353,"excellent Northern Raven flight calls with reverberance, preceded by wingbeats (small","highlights/audio/BIRDS/DENASUSH_20260610_092353 excellent Northern Raven flight calls with reverberance, preceded by wingbeats (small TRIM).mp3","archive/pre_loudness_normalize/highlights/audio/BIRDS/DENASUSH_20260610_092353 excellent Northern Raven flight calls with reverberance, preceded by wingbeats (small TRIM).mp3","highlights/audio_normalized/BIRDS/DENASUSH_20260610_092353 excellent Northern Raven flight calls with reverberance, preceded by wingbeats (small TRIM).mp3",ok,-18.51,-0.43,26.7,-18.0,0.31,0.51,0.51,hot_peak,input peak -0.4 dBFS — limiter will engage
denatoko_20160512_052310,White-crowned Sparrow song with chorus background,highlights/audio/BIRDS/DENATOKO_20160512_052310 White-crowned Sparrow song with chorus background.mp3,archive/pre_loudness_normalize/highlights/audio/BIRDS/DENATOKO_20160512_052310 White-crowned Sparrow song with chorus background.mp3,highlights/audio_normalized/BIRDS/DENATOKO_20160512_052310 White-crowned Sparrow song with chorus background.mp3,ok,-33.29,-20.68,17.2,-21.29,1.71,12.0,15.29,gain_capped,boost capped at 12.0 dB (would have been 15.3 dB)
denatoko_20160616_053228,"Orange-crowned Warbler song background chorus, Tokositna River","highlights/audio/BIRDS/DENATOKO_20160616_053228 Orange-crowned Warbler song background chorus, Tokositna River.mp3","archive/pre_loudness_normalize/highlights/audio/BIRDS/DENATOKO_20160616_053228 Orange-crowned Warbler song background chorus, Tokositna River.mp3","highlights/audio_normalized/BIRDS/DENATOKO_20160616_053228 Orange-crowned Warbler song background chorus, Tokositna River.mp3",ok,-23.91,-5.26,17.1,-18.0,6.45,5.91,5.91,,
denatrla_20240624_045058,clear American Three-toed Woodpecker drumming with lively chorus SWTH DEJU,highlights/audio/BIRDS/DENATRLA_20240624_045058 clear American Three-toed Woodpecker drumming with lively chorus SWTH DEJU TRIM.mp3,archive/pre_loudness_normalize/highlights/audio/BIRDS/DENATRLA_20240624_045058 clear American Three-toed Woodpecker drumming with lively chorus SWTH DEJU TRIM.mp3,highlights/audio_normalized/BIRDS/DENATRLA_20240624_045058 clear American Three-toed Woodpecker drumming with lively chorus SWTH DEJU TRIM.mp3,ok,-28.57,-3.66,15.6,-18.0,4.48,10.57,10.57,high_gain,boost ~10.6 dB — may raise background noise
denawocr_20150624_202549,Fox Sparrow song with thunder and Swainson's Thrush,highlights/audio/BIRDS/DENAWOCR_20150624_202549 Fox Sparrow song with thunder and Swainson's Thrush TRIM.mp3,archive/pre_loudness_normalize/highlights/audio/BIRDS/DENAWOCR_20150624_202549 Fox Sparrow song with thunder and Swainson's Thrush TRIM.mp3,highlights/audio_normalized/BIRDS/DENAWOCR_20150624_202549 Fox Sparrow song with thunder and Swainson's Thrush TRIM.mp3,ok,-28.91,-4.85,20.3,-18.0,1.9,10.91,10.91,high_gain,boost ~10.9 dB — may raise background noise
gaarflor_20180615_045829,very clear American Robin song,highlights/audio/BIRDS/GAARFLOR_20180615_045829 very clear American Robin song.mp3,archive/pre_loudness_normalize/highlights/audio/BIRDS/GAARFLOR_20180615_045829 very clear American Robin song.mp3,highlights/audio_normalized/BIRDS/GAARFLOR_20180615_045829 very clear American Robin song.mp3,ok,-46.9,-32.2,4.5,-34.9,0.43,12.0,28.9,gain_capped,boost capped at 12.0 dB (would have been 28.9 dB)
gaarflor_20180617_125710,"chorus with White-crowned Sparrow, Swainson's Thrush, American Red Squirrel","highlights/audio/BIRDS/GAARFLOR_20180617_125710 chorus with White-crowned Sparrow, Swainson's Thrush, American Red Squirrel.mp3","archive/pre_loudness_normalize/highlights/audio/BIRDS/GAARFLOR_20180617_125710 chorus with White-crowned Sparrow, Swainson's Thrush, American Red Squirrel.mp3","highlights/audio_normalized/BIRDS/GAARFLOR_20180617_125710 chorus with White-crowned Sparrow, Swainson's Thrush, American Red Squirrel.mp3",ok,-47.71,-31.35,19.9,-35.71,2.42,12.0,29.71,gain_capped,boost capped at 12.0 dB (would have been 29.7 dB)
gaarflor_20180618_053001,Common Loon with rich avian chorus,highlights/audio/BIRDS/GAARFLOR_20180618_053001 Common Loon with rich avian chorus.mp3,archive/pre_loudness_normalize/highlights/audio/BIRDS/GAARFLOR_20180618_053001 Common Loon with rich avian chorus.mp3,highlights/audio_normalized/BIRDS/GAARFLOR_20180618_053001 Common Loon with rich avian chorus.mp3,ok,-54.52,-38.34,16.2,-42.52,-0.41,12.0,36.52,gain_capped,boost capped at 12.0 dB (would have been 36.5 dB)
gaarmwal_20140617_064326,Mew Gull with chorus background,highlights/audio/BIRDS/GAARMWAL_20140617_064326 Mew Gull with chorus background TRIM.mp3,archive/pre_loudness_normalize/highlights/audio/BIRDS/GAARMWAL_20140617_064326 Mew Gull with chorus background TRIM.mp3,highlights/audio_normalized/BIRDS/GAARMWAL_20140617_064326 Mew Gull with chorus background TRIM.mp3,ok,-54.02,-31.08,11.2,-42.02,-0.76,12.0,36.02,gain_capped,boost capped at 12.0 dB (would have been 36.0 dB)
gaarnnut_20140704_072937,"clear, punctuated Common Loon, background chorus","highlights/audio/BIRDS/GAARNNUT_20140704_072937 clear, punctuated Common Loon, background chorus.mp3","archive/pre_loudness_normalize/highlights/audio/BIRDS/GAARNNUT_20140704_072937 clear, punctuated Common Loon, background chorus.mp3","highlights/audio_normalized/BIRDS/GAARNNUT_20140704_072937 clear, punctuated Common Loon, background chorus.mp3",ok,-48.73,-27.3,22.4,-36.73,4.71,12.0,30.73,gain_capped,boost capped at 12.0 dB (would have been 30.7 dB)
gaarupno_20180606_150920,avian chorus with Savanah Sparrow and occasional insect wingbeats,highlights/audio/BIRDS/GAARUPNO_20180606_150920 avian chorus with Savanah Sparrow and occasional insect wingbeats.mp3,archive/pre_loudness_normalize/highlights/audio/BIRDS/GAARUPNO_20180606_150920 avian chorus with Savanah Sparrow and occasional insect wingbeats.mp3,highlights/audio_normalized/BIRDS/GAARUPNO_20180606_150920 avian chorus with Savanah Sparrow and occasional insect wingbeats.mp3,ok,-57.13,-33.84,15.0,-45.13,0.96,12.0,39.13,gain_capped,boost capped at 12.0 dB (would have been 39.1 dB)
gaarupno_20180607_025501,Savanah Sparrow song with chorus background,highlights/audio/BIRDS/GAARUPNO_20180607_025501 Savanah Sparrow song with chorus background.mp3,archive/pre_loudness_normalize/highlights/audio/BIRDS/GAARUPNO_20180607_025501 Savanah Sparrow song with chorus background.mp3,highlights/audio_normalized/BIRDS/GAARUPNO_20180607_025501 Savanah Sparrow song with chorus background.mp3,ok,-51.79,-31.17,18.7,-39.79,3.84,12.0,33.79,gain_capped,boost capped at 12.0 dB (would have been 33.8 dB)
glbabartc_20200707_111214,GLBABARTC_20200707_111214._Sooty_Grous_near_mic_AMPLIFY_FADEewav,highlights/audio/BIRDS/GLBABARTC_20200707_111214._Sooty_Grous_near_mic_AMPLIFY_FADEewav.mp3,archive/pre_loudness_normalize/highlights/audio/BIRDS/GLBABARTC_20200707_111214._Sooty_Grous_near_mic_AMPLIFY_FADEewav.mp3,highlights/audio_normalized/BIRDS/GLBABARTC_20200707_111214._Sooty_Grous_near_mic_AMPLIFY_FADEewav.mp3,ok,-22.69,-4.33,25.7,-18.0,-0.75,4.69,4.69,,
glbarendu_20220616_230000,very clear Varied Thrush song background Humpback Whale activity (TRIM),highlights/audio/BIRDS/GLBARENDU_20220616_230000 very clear Varied Thrush song background Humpback Whale activity (TRIM).mp3,archive/pre_loudness_normalize/highlights/audio/BIRDS/GLBARENDU_20220616_230000 very clear Varied Thrush song background Humpback Whale activity (TRIM).mp3,highlights/audio_normalized/BIRDS/GLBARENDU_20220616_230000 very clear Varied Thrush song background Humpback Whale activity (TRIM).mp3,ok,-26.5,-6.2,12.7,-18.0,0.22,8.5,8.5,,
katmcros_20170731_051841,"Gray-cheeked Thrush song with diverse, distant riparian background chorus","highlights/audio/BIRDS/KATMCROS_20170731_051841 Gray-cheeked Thrush song with diverse, distant riparian background chorus.mp3","archive/pre_loudness_normalize/highlights/audio/BIRDS/KATMCROS_20170731_051841 Gray-cheeked Thrush song with diverse, distant riparian background chorus.mp3","highlights/audio_normalized/BIRDS/KATMCROS_20170731_051841 Gray-cheeked Thrush song with diverse, distant riparian background chorus.mp3",ok,-53.04,-34.91,16.3,-41.04,-5.4,12.0,35.04,gain_capped,boost capped at 12.0 dB (would have been 35.0 dB)
katmjojo_20160710_221044,excellent Common Loon call chorus,highlights/audio/BIRDS/KATMJOJO_20160710_221044 excellent Common Loon call chorus.mp3,archive/pre_loudness_normalize/highlights/audio/BIRDS/KATMJOJO_20160710_221044 excellent Common Loon call chorus.mp3,highlights/audio_normalized/BIRDS/KATMJOJO_20160710_221044 excellent Common Loon call chorus.mp3,ok,-65.58,-49.96,5.5,-53.58,3.14,12.0,47.58,gain_capped,boost capped at 12.0 dB (would have been 47.6 dB)
katmkaba_20160823_205149,"excellent very clear Northern Raven calls, background American Tree Sparrow calls","highlights/audio/BIRDS/KATMKABA_20160823_205149 excellent very clear Northern Raven calls, background American Tree Sparrow calls.mp3","archive/pre_loudness_normalize/highlights/audio/BIRDS/KATMKABA_20160823_205149 excellent very clear Northern Raven calls, background American Tree Sparrow calls.mp3","highlights/audio_normalized/BIRDS/KATMKABA_20160823_205149 excellent very clear Northern Raven calls, background American Tree Sparrow calls.mp3",ok,-42.37,-21.45,20.4,-30.37,1.82,12.0,24.37,gain_capped,boost capped at 12.0 dB (would have been 24.4 dB)
laclhanm_20190829_062559,very clear Common Loon calls with extensive echo and some distortion (TRIM),highlights/audio/BIRDS/LACLHANM_20190829_062559 very clear Common Loon calls with extensive echo and some distortion (TRIM).mp3,archive/pre_loudness_normalize/highlights/audio/BIRDS/LACLHANM_20190829_062559 very clear Common Loon calls with extensive echo and some distortion (TRIM).mp3,highlights/audio_normalized/BIRDS/LACLHANM_20190829_062559 very clear Common Loon calls with extensive echo and some distortion (TRIM).mp3,ok,-19.71,-11.72,10.8,-18.0,-0.49,1.71,1.71,,
denahig1_20120728_122042,insect and running animal,highlights/audio/GENERAL/DENAHIG1_20120728_122042 insect and running animal.mp3,archive/pre_loudness_normalize/highlights/audio/GENERAL/DENAHIG1_20120728_122042 insect and running animal.mp3,highlights/audio_normalized/GENERAL/DENAHIG1_20120728_122042 insect and running animal.mp3,ok,-50.12,-18.36,10.7,-38.12,-1.88,12.0,32.12,gain_capped,boost capped at 12.0 dB (would have been 32.1 dB)
denamoos_20180814_105458,if a tree falls,highlights/audio/GENERAL/DENAMOOS_20180814_105458 if a tree falls.mp3,archive/pre_loudness_normalize/highlights/audio/GENERAL/DENAMOOS_20180814_105458 if a tree falls.mp3,highlights/audio_normalized/GENERAL/DENAMOOS_20180814_105458 if a tree falls.mp3,ok,-33.26,-6.55,23.5,-21.26,2.62,12.0,15.26,gain_capped,boost capped at 12.0 dB (would have been 15.3 dB)
denaphen_20160326_044922,Denali Kennels dogs howling,highlights/audio/GENERAL/DENAPHEN_20160326_044922 Denali Kennels dogs howling TRIM.mp3,archive/pre_loudness_normalize/highlights/audio/GENERAL/DENAPHEN_20160326_044922 Denali Kennels dogs howling TRIM.mp3,highlights/audio_normalized/GENERAL/DENAPHEN_20160326_044922 Denali Kennels dogs howling TRIM.mp3,ok,-57.85,-38.63,12.5,-45.85,0.57,12.0,39.85,gain_capped,boost capped at 12.0 dB (would have been 39.9 dB)
denaphen_20160326_044922-mp3,Denali Kennels dogs howling,highlights/audio/GENERAL/DENAPHEN_20160326_044922 Denali Kennels dogs howling.mp3,archive/pre_loudness_normalize/highlights/audio/GENERAL/DENAPHEN_20160326_044922 Denali Kennels dogs howling.mp3,highlights/audio_normalized/GENERAL/DENAPHEN_20160326_044922 Denali Kennels dogs howling.mp3,ok,-58.64,-38.79,14.3,-46.64,-0.91,12.0,40.64,gain_capped,boost capped at 12.0 dB (would have been 40.6 dB)
denathri_20150630_125351,rain faint chorus,highlights/audio/GENERAL/DENATHRI_20150630_125351 rain faint chorus.mp3,archive/pre_loudness_normalize/highlights/audio/GENERAL/DENATHRI_20150630_125351 rain faint chorus.mp3,highlights/audio_normalized/GENERAL/DENATHRI_20150630_125351 rain faint chorus.mp3,ok,-35.18,0.3,2.7,-23.18,0.62,12.0,17.18,gain_capped|hot_peak,boost capped at 12.0 dB (would have been 17.2 dB); input peak 0.3 dBFS — limiter will engage
denatoko_20160511_070134,long cut of avian chorus with showers,highlights/audio/GENERAL/DENATOKO_20160511_070134 long cut of avian chorus with showers TRIM.mp3,archive/pre_loudness_normalize/highlights/audio/GENERAL/DENATOKO_20160511_070134 long cut of avian chorus with showers TRIM.mp3,highlights/audio_normalized/GENERAL/DENATOKO_20160511_070134 long cut of avian chorus with showers TRIM.mp3,ok,-47.89,-29.53,8.9,-35.89,-0.04,12.0,29.89,gain_capped,boost capped at 12.0 dB (would have been 29.9 dB)
denatoko_20160513_130223,animal movement bird chorus and river,highlights/audio/GENERAL/DENATOKO_20160513_130223 animal movement bird chorus and river.mp3,archive/pre_loudness_normalize/highlights/audio/GENERAL/DENATOKO_20160513_130223 animal movement bird chorus and river.mp3,highlights/audio_normalized/GENERAL/DENATOKO_20160513_130223 animal movement bird chorus and river.mp3,ok,-49.15,-17.08,6.0,-37.15,0.77,12.0,31.15,gain_capped,boost capped at 12.0 dB (would have been 31.1 dB)
glbabartc_20210726_194850,curious_natural_sound like child humming,highlights/audio/GENERAL/GLBABARTC_20210726_194850_curious_natural_sound like child humming TRIM FADE COMPRESS AMPLIFY.mp3,archive/pre_loudness_normalize/highlights/audio/GENERAL/GLBABARTC_20210726_194850_curious_natural_sound like child humming TRIM FADE COMPRESS AMPLIFY.mp3,highlights/audio_normalized/GENERAL/GLBABARTC_20210726_194850_curious_natural_sound like child humming TRIM FADE COMPRESS AMPLIFY.mp3,ok,-26.03,-1.55,11.5,-18.0,-0.3,8.03,8.03,,
laclkijk_20180619_193149,ambience with raindrops and punctuated bird song,highlights/audio/GENERAL/LACLKIJK_20180619_193149 ambience with raindrops and punctuated bird song.mp3,archive/pre_loudness_normalize/highlights/audio/GENERAL/LACLKIJK_20180619_193149 ambience with raindrops and punctuated bird song.mp3,highlights/audio_normalized/GENERAL/LACLKIJK_20180619_193149 ambience with raindrops and punctuated bird song.mp3,ok,-51.97,-20.37,10.2,-39.97,1.39,12.0,33.97,gain_capped,boost capped at 12.0 dB (would have been 34.0 dB)
laclkijk_20180619_194318,ambience with raindrops and avian chorus,highlights/audio/GENERAL/LACLKIJK_20180619_194318 ambience with raindrops and avian chorus.mp3,archive/pre_loudness_normalize/highlights/audio/GENERAL/LACLKIJK_20180619_194318 ambience with raindrops and avian chorus.mp3,highlights/audio_normalized/GENERAL/LACLKIJK_20180619_194318 ambience with raindrops and avian chorus.mp3,ok,-54.78,-23.6,6.3,-42.78,-0.05,12.0,36.78,gain_capped,boost capped at 12.0 dB (would have been 36.8 dB)
denaback_20140609_004008,pronounced rock slide with several phases,highlights/audio/GEOPHONY/DENABACK_20140609_004008 pronounced rock slide with several phases AMPLIFY +15 dBFS (slight TRIM).mp3,archive/pre_loudness_normalize/highlights/audio/GEOPHONY/DENABACK_20140609_004008 pronounced rock slide with several phases AMPLIFY +15 dBFS (slight TRIM).mp3,highlights/audio_normalized/GEOPHONY/DENABACK_20140609_004008 pronounced rock slide with several phases AMPLIFY +15 dBFS (slight TRIM).mp3,ok,-41.82,-10.66,9.2,-29.82,-0.6,12.0,23.82,gain_capped,boost capped at 12.0 dB (would have been 23.8 dB)
denaback_20140724_210128,rock slide with large pieces at end,highlights/audio/GEOPHONY/DENABACK_20140724_210128 rock slide with large pieces at end.mp3,archive/pre_loudness_normalize/highlights/audio/GEOPHONY/DENABACK_20140724_210128 rock slide with large pieces at end.mp3,highlights/audio_normalized/GEOPHONY/DENABACK_20140724_210128 rock slide with large pieces at end.mp3,ok,-35.59,-6.68,13.0,-23.59,-1.53,12.0,17.59,gain_capped,boost capped at 12.0 dB (would have been 17.6 dB)
denabicr_20130707_143335,DENABICR_20130707_143335-Thunder And Rain,highlights/audio/GEOPHONY/DENABICR_20130707_143335-Thunder And Rain TRIM.mp3,archive/pre_loudness_normalize/highlights/audio/GEOPHONY/DENABICR_20130707_143335-Thunder And Rain TRIM.mp3,highlights/audio_normalized/GEOPHONY/DENABICR_20130707_143335-Thunder And Rain TRIM.mp3,ok,-41.08,-11.13,18.1,-29.08,1.1,12.0,23.08,gain_capped,boost capped at 12.0 dB (would have been 23.1 dB)
denabmul_20210330_001843,Muldrow surge long cut,highlights/audio/GEOPHONY/DENABMUL_20210330_001843 Muldrow surge long cut TRIM.mp3,archive/pre_loudness_normalize/highlights/audio/GEOPHONY/DENABMUL_20210330_001843 Muldrow surge long cut TRIM.mp3,highlights/audio_normalized/GEOPHONY/DENABMUL_20210330_001843 Muldrow surge long cut TRIM.mp3,ok,-35.88,-4.3,21.3,-23.88,5.74,12.0,17.88,gain_capped,boost capped at 12.0 dB (would have been 17.9 dB)
denabmul_20210401_051821,Muldrow surge long cut,highlights/audio/GEOPHONY/DENABMUL_20210401_051821 Muldrow surge long cut TRIM.mp3,archive/pre_loudness_normalize/highlights/audio/GEOPHONY/DENABMUL_20210401_051821 Muldrow surge long cut TRIM.mp3,highlights/audio_normalized/GEOPHONY/DENABMUL_20210401_051821 Muldrow surge long cut TRIM.mp3,ok,-41.89,-7.19,20.5,-29.89,1.83,12.0,23.89,gain_capped,boost capped at 12.0 dB (would have been 23.9 dB)
denabmul_20210401_051821-mp3,Muldrow surge shorter clip,highlights/audio/GEOPHONY/DENABMUL_20210401_051821 Muldrow surge shorter clip.mp3,archive/pre_loudness_normalize/highlights/audio/GEOPHONY/DENABMUL_20210401_051821 Muldrow surge shorter clip.mp3,highlights/audio_normalized/GEOPHONY/DENABMUL_20210401_051821 Muldrow surge shorter clip.mp3,ok,-39.07,-6.88,22.5,-27.07,1.22,12.0,21.07,gain_capped,boost capped at 12.0 dB (would have been 21.1 dB)
denabmul_20210401_091907,"Muldrow surge long cut, extensive low-frequency rumbling features","highlights/audio/GEOPHONY/DENABMUL_20210401_091907 Muldrow surge long cut, extensive low-frequency rumbling features TRIM.mp3","archive/pre_loudness_normalize/highlights/audio/GEOPHONY/DENABMUL_20210401_091907 Muldrow surge long cut, extensive low-frequency rumbling features TRIM.mp3","highlights/audio_normalized/GEOPHONY/DENABMUL_20210401_091907 Muldrow surge long cut, extensive low-frequency rumbling features TRIM.mp3",ok,-39.04,-1.96,16.7,-27.04,1.1,12.0,21.04,gain_capped,boost capped at 12.0 dB (would have been 21.0 dB)
denacath_20120808_064000,"good quality rock slide, slow speed, blocky extrusive igneous chunks","highlights/audio/GEOPHONY/DENACATH_20120808_064000 good quality rock slide, slow speed, blocky extrusive igneous chunks TRIM.mp3","archive/pre_loudness_normalize/highlights/audio/GEOPHONY/DENACATH_20120808_064000 good quality rock slide, slow speed, blocky extrusive igneous chunks TRIM.mp3","highlights/audio_normalized/GEOPHONY/DENACATH_20120808_064000 good quality rock slide, slow speed, blocky extrusive igneous chunks TRIM.mp3",ok,-52.63,-13.51,17.8,-40.63,6.57,12.0,34.63,gain_capped,boost capped at 12.0 dB (would have been 34.6 dB)
denakich_20120522_100025,Avalanche with bird song,highlights/audio/GEOPHONY/DENAKICH_20120522_100025_Avalanche with bird song.mp3,archive/pre_loudness_normalize/highlights/audio/GEOPHONY/DENAKICH_20120522_100025_Avalanche with bird song.mp3,highlights/audio_normalized/GEOPHONY/DENAKICH_20120522_100025_Avalanche with bird song.mp3,ok,-36.41,-11.81,22.3,-24.41,-1.23,12.0,18.41,gain_capped,boost capped at 12.0 dB (would have been 18.4 dB)
denakich_20120522_161217,Avalanche loud and sudden,highlights/audio/GEOPHONY/DENAKICH_20120522_161217 Avalanche loud and sudden AMPLIFY -3 dBFS FADE OUT.mp3,archive/pre_loudness_normalize/highlights/audio/GEOPHONY/DENAKICH_20120522_161217 Avalanche loud and sudden AMPLIFY -3 dBFS FADE OUT.mp3,highlights/audio_normalized/GEOPHONY/DENAKICH_20120522_161217 Avalanche loud and sudden AMPLIFY -3 dBFS FADE OUT.mp3,ok,-23.84,-3.27,17.9,-18.0,1.75,5.84,5.84,,
denaruth_20190526_040919,small avalanche with distinct slab-breaking event,highlights/audio/GEOPHONY/DENARUTH_20190526_040919 small avalanche with distinct slab-breaking event AMPLIFY +15dB.mp3,archive/pre_loudness_normalize/highlights/audio/GEOPHONY/DENARUTH_20190526_040919 small avalanche with distinct slab-breaking event AMPLIFY +15dB.mp3,highlights/audio_normalized/GEOPHONY/DENARUTH_20190526_040919 small avalanche with distinct slab-breaking event AMPLIFY +15dB.mp3,ok,-41.82,-15.0,24.7,-29.82,2.37,12.0,23.82,gain_capped,boost capped at 12.0 dB (would have been 23.8 dB)
denaruth_20190529_214609,prominent snow avalanche,highlights/audio/GEOPHONY/DENARUTH_20190529_214609 prominent snow avalanche.mp3,archive/pre_loudness_normalize/highlights/audio/GEOPHONY/DENARUTH_20190529_214609 prominent snow avalanche.mp3,highlights/audio_normalized/GEOPHONY/DENARUTH_20190529_214609 prominent snow avalanche.mp3,ok,-48.07,-19.92,21.6,-36.07,-1.5,12.0,30.07,gain_capped,boost capped at 12.0 dB (would have been 30.1 dB)
denaskgl_20210602_041003,rock slide,highlights/audio/GEOPHONY/DENASKGL_20210602_041003 rock slide.mp3,archive/pre_loudness_normalize/highlights/audio/GEOPHONY/DENASKGL_20210602_041003 rock slide.mp3,highlights/audio_normalized/GEOPHONY/DENASKGL_20210602_041003 rock slide.mp3,ok,-54.61,-29.42,16.8,-42.61,2.51,12.0,36.61,gain_capped,boost capped at 12.0 dB (would have been 36.6 dB)
denasush_20260612_111248,"clear, crisp thunder","highlights/audio/GEOPHONY/DENASUSH_20260612_111248 clear, crisp thunder TRIM.mp3","archive/pre_loudness_normalize/highlights/audio/GEOPHONY/DENASUSH_20260612_111248 clear, crisp thunder TRIM.mp3","highlights/audio_normalized/GEOPHONY/DENASUSH_20260612_111248 clear, crisp thunder TRIM.mp3",ok,-24.27,-0.72,16.5,-18.0,2.12,6.27,6.27,,
denatrla_20240802_081511,"a moderate-sized rock slide for this site location, probably from Nenana Ridge to the northeast, ~500 meters","highlights/audio/GEOPHONY/DENATRLA_20240802_081511 a moderate-sized rock slide for this site location, probably from Nenana Ridge to the northeast, ~500 meters.mp3","archive/pre_loudness_normalize/highlights/audio/GEOPHONY/DENATRLA_20240802_081511 a moderate-sized rock slide for this site location, probably from Nenana Ridge to the northeast, ~500 meters.mp3","highlights/audio_normalized/GEOPHONY/DENATRLA_20240802_081511 a moderate-sized rock slide for this site location, probably from Nenana Ridge to the northeast, ~500 meters.mp3",ok,-33.03,-2.2,10.0,-21.03,1.05,12.0,15.03,gain_capped,boost capped at 12.0 dB (would have been 15.0 dB)
denatrla_20240802_152712,"rock slide, probably from Nenana Ridge to northeast about 500 meters","highlights/audio/GEOPHONY/DENATRLA_20240802_152712 rock slide, probably from Nenana Ridge to northeast about 500 meters.mp3","archive/pre_loudness_normalize/highlights/audio/GEOPHONY/DENATRLA_20240802_152712 rock slide, probably from Nenana Ridge to northeast about 500 meters.mp3","highlights/audio_normalized/GEOPHONY/DENATRLA_20240802_152712 rock slide, probably from Nenana Ridge to northeast about 500 meters.mp3",ok,-38.53,-2.19,11.4,-26.53,4.16,12.0,20.53,gain_capped,boost capped at 12.0 dB (would have been 20.5 dB)
denaudal_20100702_132530,ice bubbles and creaking,highlights/audio/GEOPHONY/DENAUDAL_20100702_132530 ice bubbles and creaking.mp3,archive/pre_loudness_normalize/highlights/audio/GEOPHONY/DENAUDAL_20100702_132530 ice bubbles and creaking.mp3,highlights/audio_normalized/GEOPHONY/DENAUDAL_20100702_132530 ice bubbles and creaking.mp3,ok,-49.06,-25.73,1.0,-37.06,-0.15,12.0,31.06,gain_capped,boost capped at 12.0 dB (would have been 31.1 dB)
denaudal_20100702_132533,ice bubbles and creaking,highlights/audio/GEOPHONY/DENAUDAL_20100702_132533 ice bubbles and creaking BESSEL FILTER 1000 - 10000 Hz AMPLIFY +20 dBFS.mp3,archive/pre_loudness_normalize/highlights/audio/GEOPHONY/DENAUDAL_20100702_132533 ice bubbles and creaking BESSEL FILTER 1000 - 10000 Hz AMPLIFY +20 dBFS.mp3,highlights/audio_normalized/GEOPHONY/DENAUDAL_20100702_132533 ice bubbles and creaking BESSEL FILTER 1000 - 10000 Hz AMPLIFY +20 dBFS.mp3,ok,-39.25,-19.91,2.4,-27.25,-0.32,12.0,21.25,gain_capped,boost capped at 12.0 dB (would have been 21.2 dB)
denaupel_20130511_232743,DENAUPEL_20130511_232743-RockSlide,highlights/audio/GEOPHONY/DENAUPEL_20130511_232743-RockSlide.mp3,archive/pre_loudness_normalize/highlights/audio/GEOPHONY/DENAUPEL_20130511_232743-RockSlide.mp3,highlights/audio_normalized/GEOPHONY/DENAUPEL_20130511_232743-RockSlide.mp3,ok,-54.83,-23.17,18.2,-42.83,0.32,12.0,36.83,gain_capped,boost capped at 12.0 dB (would have been 36.8 dB)
denautok_20190810_082714,rock slide with deep thump,highlights/audio/GEOPHONY/DENAUTOK_20190810_082714 rock slide with deep thump.mp3,archive/pre_loudness_normalize/highlights/audio/GEOPHONY/DENAUTOK_20190810_082714 rock slide with deep thump.mp3,highlights/audio_normalized/GEOPHONY/DENAUTOK_20190810_082714 rock slide with deep thump.mp3,ok,-36.08,-10.2,15.6,-24.08,-1.19,12.0,18.08,gain_capped,boost capped at 12.0 dB (would have been 18.1 dB)
denauyen_20120520_124131,short midground rock slide,highlights/audio/GEOPHONY/DENAUYEN_20120520_124131 short midground rock slide.mp3,archive/pre_loudness_normalize/highlights/audio/GEOPHONY/DENAUYEN_20120520_124131 short midground rock slide.mp3,highlights/audio_normalized/GEOPHONY/DENAUYEN_20120520_124131 short midground rock slide.mp3,ok,-36.96,-10.76,27.2,-24.96,-0.03,12.0,18.96,gain_capped,boost capped at 12.0 dB (would have been 19.0 dB)
denauyen_20120520_180417,"avalanche with two major bursts, then a long wash-out","highlights/audio/GEOPHONY/DENAUYEN_20120520_180417 avalanche with two major bursts, then a long wash-out.mp3","archive/pre_loudness_normalize/highlights/audio/GEOPHONY/DENAUYEN_20120520_180417 avalanche with two major bursts, then a long wash-out.mp3","highlights/audio_normalized/GEOPHONY/DENAUYEN_20120520_180417 avalanche with two major bursts, then a long wash-out.mp3",ok,-46.5,-18.96,12.0,-34.5,2.83,12.0,28.5,gain_capped,boost capped at 12.0 dB (would have been 28.5 dB)
denauyen_20120521_144128,"clear, deep rock motion on the glacier","highlights/audio/GEOPHONY/DENAUYEN_20120521_144128 clear, deep rock motion on the glacier.mp3","archive/pre_loudness_normalize/highlights/audio/GEOPHONY/DENAUYEN_20120521_144128 clear, deep rock motion on the glacier.mp3","highlights/audio_normalized/GEOPHONY/DENAUYEN_20120521_144128 clear, deep rock motion on the glacier.mp3",ok,-36.18,-5.0,20.6,-24.18,-0.14,12.0,18.18,gain_capped,boost capped at 12.0 dB (would have been 18.2 dB)
denauyen_20120523_075701,quality rock slide audio,highlights/audio/GEOPHONY/DENAUYEN_20120523_075701 quality rock slide audio.mp3,archive/pre_loudness_normalize/highlights/audio/GEOPHONY/DENAUYEN_20120523_075701 quality rock slide audio.mp3,highlights/audio_normalized/GEOPHONY/DENAUYEN_20120523_075701 quality rock slide audio.mp3,ok,-30.22,-1.07,18.7,-18.22,2.51,12.0,12.22,gain_capped,boost capped at 12.0 dB (would have been 12.2 dB)
denauyen_20120524_215113,"excellent, steady rock slide audio","highlights/audio/GEOPHONY/DENAUYEN_20120524_215113 excellent, steady rock slide audio.mp3","archive/pre_loudness_normalize/highlights/audio/GEOPHONY/DENAUYEN_20120524_215113 excellent, steady rock slide audio.mp3","highlights/audio_normalized/GEOPHONY/DENAUYEN_20120524_215113 excellent, steady rock slide audio.mp3",ok,-25.46,-0.26,19.8,-18.0,0.63,7.46,7.46,hot_peak,input peak -0.3 dBFS — limiter will engage
gaararri_20180624_075645,"small rockfall, background avian chorus","highlights/audio/GEOPHONY/GAARARRI_20180624_075645 small rockfall, background avian chorus.mp3","archive/pre_loudness_normalize/highlights/audio/GEOPHONY/GAARARRI_20180624_075645 small rockfall, background avian chorus.mp3","highlights/audio_normalized/GEOPHONY/GAARARRI_20180624_075645 small rockfall, background avian chorus.mp3",ok,-45.03,-12.46,3.5,-33.03,-0.06,12.0,27.03,gain_capped,boost capped at 12.0 dB (would have been 27.0 dB)
gaararri_20180625_071639,"rockslide, background Golden-crowned Sparrow song","highlights/audio/GEOPHONY/GAARARRI_20180625_071639 rockslide, background Golden-crowned Sparrow song TRIM.mp3","archive/pre_loudness_normalize/highlights/audio/GEOPHONY/GAARARRI_20180625_071639 rockslide, background Golden-crowned Sparrow song TRIM.mp3","highlights/audio_normalized/GEOPHONY/GAARARRI_20180625_071639 rockslide, background Golden-crowned Sparrow song TRIM.mp3",ok,-41.4,-15.64,3.2,-29.4,-0.41,12.0,23.4,gain_capped,boost capped at 12.0 dB (would have been 23.4 dB)
gaararri_20180628_145728,Thunder and beginning of rain shower,highlights/audio/GEOPHONY/GAARARRI_20180628_145728 Thunder and beginning of rain shower.mp3,archive/pre_loudness_normalize/highlights/audio/GEOPHONY/GAARARRI_20180628_145728 Thunder and beginning of rain shower.mp3,highlights/audio_normalized/GEOPHONY/GAARARRI_20180628_145728 Thunder and beginning of rain shower.mp3,ok,-26.55,-2.6,20.1,-18.0,1.76,8.55,8.55,,
gaaritki_20190621_150734,thunder,highlights/audio/GEOPHONY/GAARITKI_20190621_150734 thunder AMPLIFY +10dB.mp3,archive/pre_loudness_normalize/highlights/audio/GEOPHONY/GAARITKI_20190621_150734 thunder AMPLIFY +10dB.mp3,highlights/audio_normalized/GEOPHONY/GAARITKI_20190621_150734 thunder AMPLIFY +10dB.mp3,ok,-36.41,-6.01,17.4,-24.41,0.37,12.0,18.41,gain_capped,boost capped at 12.0 dB (would have been 18.4 dB)
gaarnwal_20140708_140748,thunder no clipping,highlights/audio/GEOPHONY/GAARNWAL_20140708_140748 thunder no clipping.mp3,archive/pre_loudness_normalize/highlights/audio/GEOPHONY/GAARNWAL_20140708_140748 thunder no clipping.mp3,highlights/audio_normalized/GEOPHONY/GAARNWAL_20140708_140748 thunder no clipping.mp3,ok,-28.99,-4.21,23.5,-18.0,2.33,10.99,10.99,high_gain,boost ~11.0 dB — may raise background noise
denacabn_20130714_112628,DENACABN_20130714_112628-UnknownOrthopteran,highlights/audio/INSECTS/DENACABN_20130714_112628-UnknownOrthopteran.mp3,archive/pre_loudness_normalize/highlights/audio/INSECTS/DENACABN_20130714_112628-UnknownOrthopteran.mp3,highlights/audio_normalized/INSECTS/DENACABN_20130714_112628-UnknownOrthopteran.mp3,ok,-60.2,-44.44,1.1,-48.2,-0.01,12.0,42.2,gain_capped,boost capped at 12.0 dB (would have been 42.2 dB)
denamcri_20120725_151912,Mosquito (clear),highlights/audio/INSECTS/DENAMCRI_20120725_151912_Mosquito (clear).mp3,archive/pre_loudness_normalize/highlights/audio/INSECTS/DENAMCRI_20120725_151912_Mosquito (clear).mp3,highlights/audio_normalized/INSECTS/DENAMCRI_20120725_151912_Mosquito (clear).mp3,ok,-51.3,-37.97,12.8,-39.3,4.29,12.0,33.3,gain_capped,boost capped at 12.0 dB (would have been 33.3 dB)
denamcri_20120810_191000,mosquitos close,highlights/audio/INSECTS/DENAMCRI_20120810_191000 mosquitos close.mp3,archive/pre_loudness_normalize/highlights/audio/INSECTS/DENAMCRI_20120810_191000 mosquitos close.mp3,highlights/audio_normalized/INSECTS/DENAMCRI_20120810_191000 mosquitos close.mp3,ok,-59.36,-37.49,14.5,-47.36,8.14,12.0,41.36,gain_capped,boost capped at 12.0 dB (would have been 41.4 dB)
denamoos_20180719_075149,insect wingbeats with two acoustically distinct behaviors,highlights/audio/INSECTS/DENAMOOS_20180719_075149 insect wingbeats with two acoustically distinct behaviors.mp3,archive/pre_loudness_normalize/highlights/audio/INSECTS/DENAMOOS_20180719_075149 insect wingbeats with two acoustically distinct behaviors.mp3,highlights/audio_normalized/INSECTS/DENAMOOS_20180719_075149 insect wingbeats with two acoustically distinct behaviors.mp3,ok,-55.54,-32.29,5.1,-43.54,0.75,12.0,37.54,gain_capped,boost capped at 12.0 dB (would have been 37.5 dB)
denatoko_20160506_015745,deep insect wingbeats,highlights/audio/INSECTS/DENATOKO_20160506_015745 deep insect wingbeats.mp3,archive/pre_loudness_normalize/highlights/audio/INSECTS/DENATOKO_20160506_015745 deep insect wingbeats.mp3,highlights/audio_normalized/INSECTS/DENATOKO_20160506_015745 deep insect wingbeats.mp3,ok,-49.8,-31.49,2.6,-37.8,0.21,12.0,31.8,gain_capped,boost capped at 12.0 dB (would have been 31.8 dB)
denatoko_20160507_232954,insect wingbeats with Varied Thrush song,highlights/audio/INSECTS/DENATOKO_20160507_232954 insect wingbeats with Varied Thrush song.mp3,archive/pre_loudness_normalize/highlights/audio/INSECTS/DENATOKO_20160507_232954 insect wingbeats with Varied Thrush song.mp3,highlights/audio_normalized/INSECTS/DENATOKO_20160507_232954 insect wingbeats with Varied Thrush song.mp3,ok,-49.77,-24.84,9.9,-37.77,-1.36,12.0,31.77,gain_capped,boost capped at 12.0 dB (would have been 31.8 dB)
denatoko_20190701_100630,long insect wingbeat tone,highlights/audio/INSECTS/DENATOKO_20190701_100630 long insect wingbeat tone.mp3,archive/pre_loudness_normalize/highlights/audio/INSECTS/DENATOKO_20190701_100630 long insect wingbeat tone.mp3,highlights/audio_normalized/INSECTS/DENATOKO_20190701_100630 long insect wingbeat tone.mp3,ok,-57.77,-34.12,2.9,-45.77,-0.62,12.0,39.77,gain_capped,boost capped at 12.0 dB (would have been 39.8 dB)
denatrla_20240629_213201,very clear insect wings close to the windscreen,highlights/audio/INSECTS/DENATRLA_20240629_213201 very clear insect wings close to the windscreen.mp3,archive/pre_loudness_normalize/highlights/audio/INSECTS/DENATRLA_20240629_213201 very clear insect wings close to the windscreen.mp3,highlights/audio_normalized/INSECTS/DENATRLA_20240629_213201 very clear insect wings close to the windscreen.mp3,ok,-18.52,-2.17,20.9,-18.0,0.83,0.52,0.52,,
gaararri_20180625_195435,bumble bee and avian chorus,highlights/audio/INSECTS/GAARARRI_20180625_195435 bumble bee and avian chorus.mp3,archive/pre_loudness_normalize/highlights/audio/INSECTS/GAARARRI_20180625_195435 bumble bee and avian chorus.mp3,highlights/audio_normalized/INSECTS/GAARARRI_20180625_195435 bumble bee and avian chorus.mp3,ok,-42.72,-23.28,3.8,-30.72,0.04,12.0,24.72,gain_capped,boost capped at 12.0 dB (would have been 24.7 dB)
gaararri_20180723_155006,Grasshoppers stridulating,highlights/audio/INSECTS/GAARARRI_20180723_155006 Grasshoppers stridulating.mp3,archive/pre_loudness_normalize/highlights/audio/INSECTS/GAARARRI_20180723_155006 Grasshoppers stridulating.mp3,highlights/audio_normalized/INSECTS/GAARARRI_20180723_155006 Grasshoppers stridulating.mp3,ok,-50.7,-30.51,0.9,-38.7,0.06,12.0,32.7,gain_capped,boost capped at 12.0 dB (would have been 32.7 dB)
gaarflor_20180612_210329,clear insect buzzing,highlights/audio/INSECTS/GAARFLOR_20180612_210329 clear insect buzzing.mp3,archive/pre_loudness_normalize/highlights/audio/INSECTS/GAARFLOR_20180612_210329 clear insect buzzing.mp3,highlights/audio_normalized/INSECTS/GAARFLOR_20180612_210329 clear insect buzzing.mp3,ok,-46.25,-22.8,25.0,-34.25,-2.88,12.0,28.25,gain_capped,boost capped at 12.0 dB (would have been 28.2 dB)
gaarflor_20180704_185606,moth wingbeats,highlights/audio/INSECTS/GAARFLOR_20180704_185606 moth wingbeats.mp3,archive/pre_loudness_normalize/highlights/audio/INSECTS/GAARFLOR_20180704_185606 moth wingbeats.mp3,highlights/audio_normalized/INSECTS/GAARFLOR_20180704_185606 moth wingbeats.mp3,ok,-49.1,-14.43,16.1,-37.1,0.06,12.0,31.1,gain_capped,boost capped at 12.0 dB (would have been 31.1 dB)
gaarnnut_20140705_214919,very clear insect wingbeats,highlights/audio/INSECTS/GAARNNUT_20140705_214919 very clear insect wingbeats.mp3,archive/pre_loudness_normalize/highlights/audio/INSECTS/GAARNNUT_20140705_214919 very clear insect wingbeats.mp3,highlights/audio_normalized/INSECTS/GAARNNUT_20140705_214919 very clear insect wingbeats.mp3,ok,-47.73,-26.36,18.8,-35.73,-1.29,12.0,29.73,gain_capped,boost capped at 12.0 dB (would have been 29.7 dB)
gaarnnut_20140706_112454,"long, horrible insect recording","highlights/audio/INSECTS/GAARNNUT_20140706_112454 long, horrible insect recording.mp3","archive/pre_loudness_normalize/highlights/audio/INSECTS/GAARNNUT_20140706_112454 long, horrible insect recording.mp3","highlights/audio_normalized/INSECTS/GAARNNUT_20140706_112454 long, horrible insect recording.mp3",ok,-44.62,-26.44,8.5,-32.62,-0.42,12.0,26.62,gain_capped,boost capped at 12.0 dB (would have been 26.6 dB)
gaarpala_20190615_075733,"interesting repeated insect wingbeats with nearly identical harmonic structure each time, avian background","highlights/audio/INSECTS/GAARPALA_20190615_075733 interesting repeated insect wingbeats with nearly identical harmonic structure each time, avian background.mp3","archive/pre_loudness_normalize/highlights/audio/INSECTS/GAARPALA_20190615_075733 interesting repeated insect wingbeats with nearly identical harmonic structure each time, avian background.mp3","highlights/audio_normalized/INSECTS/GAARPALA_20190615_075733 interesting repeated insect wingbeats with nearly identical harmonic structure each time, avian background.mp3",ok,-64.33,-30.5,7.4,-52.33,3.17,12.0,46.33,gain_capped,boost capped at 12.0 dB (would have been 46.3 dB)
gaarupno_20180726_222040,fly sporadically buzzes,highlights/audio/INSECTS/GAARUPNO_20180726_222040 fly sporadically buzzes.mp3,archive/pre_loudness_normalize/highlights/audio/INSECTS/GAARUPNO_20180726_222040 fly sporadically buzzes.mp3,highlights/audio_normalized/INSECTS/GAARUPNO_20180726_222040 fly sporadically buzzes.mp3,ok,-43.41,-11.92,10.5,-31.41,0.14,12.0,25.41,gain_capped,boost capped at 12.0 dB (would have been 25.4 dB)
katmdori_20160811_093232,a long insect event with rich harmonics,highlights/audio/INSECTS/KATMDORI_20160811_093232 a long insect event with rich harmonics.mp3,archive/pre_loudness_normalize/highlights/audio/INSECTS/KATMDORI_20160811_093232 a long insect event with rich harmonics.mp3,highlights/audio_normalized/INSECTS/KATMDORI_20160811_093232 a long insect event with rich harmonics.mp3,ok,-45.43,-16.09,5.6,-33.43,-0.72,12.0,27.43,gain_capped,boost capped at 12.0 dB (would have been 27.4 dB)
katmjojo_20160628_090025,insect wingbeats slowly increase in pitch,highlights/audio/INSECTS/KATMJOJO_20160628_090025 insect wingbeats slowly increase in pitch.mp3,archive/pre_loudness_normalize/highlights/audio/INSECTS/KATMJOJO_20160628_090025 insect wingbeats slowly increase in pitch.mp3,highlights/audio_normalized/INSECTS/KATMJOJO_20160628_090025 insect wingbeats slowly increase in pitch.mp3,ok,-66.38,-39.58,6.7,-54.38,6.43,12.0,48.38,gain_capped,boost capped at 12.0 dB (would have been 48.4 dB)
katmkaba_20160730_044150,"large insect repeatedly lands on windscreen, background gulls surf","highlights/audio/INSECTS/KATMKABA_20160730_044150 large insect repeatedly lands on windscreen, background gulls surf.mp3","archive/pre_loudness_normalize/highlights/audio/INSECTS/KATMKABA_20160730_044150 large insect repeatedly lands on windscreen, background gulls surf.mp3","highlights/audio_normalized/INSECTS/KATMKABA_20160730_044150 large insect repeatedly lands on windscreen, background gulls surf.mp3",ok,-58.99,-36.12,9.0,-46.99,0.16,12.0,40.99,gain_capped,boost capped at 12.0 dB (would have been 41.0 dB)
katmtact_20170714_114719,good quality buzzy insect wingbeats,highlights/audio/INSECTS/KATMTACT_20170714_114719 good quality buzzy insect wingbeats.mp3,archive/pre_loudness_normalize/highlights/audio/INSECTS/KATMTACT_20170714_114719 good quality buzzy insect wingbeats.mp3,highlights/audio_normalized/INSECTS/KATMTACT_20170714_114719 good quality buzzy insect wingbeats.mp3,ok,-62.0,-44.11,8.2,-50.0,6.76,12.0,44.0,gain_capped,boost capped at 12.0 dB (would have been 44.0 dB)
denacath_20170727_181009,Arctic Ground Squirrel call with reverberation,highlights/audio/MAMMALS/DENACATH_20170727_181009 Arctic Ground Squirrel call with reverberation.mp3,archive/pre_loudness_normalize/highlights/audio/MAMMALS/DENACATH_20170727_181009 Arctic Ground Squirrel call with reverberation.mp3,highlights/audio_normalized/MAMMALS/DENACATH_20170727_181009 Arctic Ground Squirrel call with reverberation.mp3,ok,-39.79,-20.89,6.0,-27.79,8.67,12.0,21.79,gain_capped,boost capped at 12.0 dB (would have been 21.8 dB)
denafang_20110706_064839,Dall Sheep bleating,highlights/audio/MAMMALS/DENAFANG_20110706_064839_Dall Sheep bleating TRIM.mp3,archive/pre_loudness_normalize/highlights/audio/MAMMALS/DENAFANG_20110706_064839_Dall Sheep bleating TRIM.mp3,highlights/audio_normalized/MAMMALS/DENAFANG_20110706_064839_Dall Sheep bleating TRIM.mp3,ok,-44.93,-20.85,11.2,-32.93,0.9,12.0,26.93,gain_capped,boost capped at 12.0 dB (would have been 26.9 dB)
denafang_20130730_090604,Caribou_Walking-Snorting-Grazing,highlights/audio/MAMMALS/DENAFANG_20130730_090604_Caribou_Walking-Snorting-Grazing.mp3,archive/pre_loudness_normalize/highlights/audio/MAMMALS/DENAFANG_20130730_090604_Caribou_Walking-Snorting-Grazing.mp3,highlights/audio_normalized/MAMMALS/DENAFANG_20130730_090604_Caribou_Walking-Snorting-Grazing.mp3,ok,-34.95,0.41,16.6,-22.95,4.93,12.0,16.95,gain_capped|hot_peak,boost capped at 12.0 dB (would have been 17.0 dB); input peak 0.4 dBFS — limiter will engage
denahauk_20140617_084002,iron creek west wolves (male 1405) howling interspersed with dawn chorus,highlights/audio/MAMMALS/DENAHAUK_20140617_084002 iron creek west wolves (male 1405) howling interspersed with dawn chorus TRIM.mp3,archive/pre_loudness_normalize/highlights/audio/MAMMALS/DENAHAUK_20140617_084002 iron creek west wolves (male 1405) howling interspersed with dawn chorus TRIM.mp3,highlights/audio_normalized/MAMMALS/DENAHAUK_20140617_084002 iron creek west wolves (male 1405) howling interspersed with dawn chorus TRIM.mp3,ok,-40.46,-23.88,12.1,-28.46,1.76,12.0,22.46,gain_capped,boost capped at 12.0 dB (would have been 22.5 dB)
denahauk_20140617_084002-mp3,iron creek west wolves (male 1405) howling interspersed with dawn chorus,highlights/audio/MAMMALS/DENAHAUK_20140617_084002 iron creek west wolves (male 1405) howling interspersed with dawn chorus.mp3,archive/pre_loudness_normalize/highlights/audio/MAMMALS/DENAHAUK_20140617_084002 iron creek west wolves (male 1405) howling interspersed with dawn chorus.mp3,highlights/audio_normalized/MAMMALS/DENAHAUK_20140617_084002 iron creek west wolves (male 1405) howling interspersed with dawn chorus.mp3,ok,-39.9,-18.14,14.8,-27.9,0.71,12.0,21.9,gain_capped,boost capped at 12.0 dB (would have been 21.9 dB)
denahots_20140601_212218,American Red Squirrel very clear and possible to hear palate or nasal-related sounds,highlights/audio/MAMMALS/DENAHOTS_20140601_212218 American Red Squirrel very clear and possible to hear palate or nasal-related sounds TRIM.mp3,archive/pre_loudness_normalize/highlights/audio/MAMMALS/DENAHOTS_20140601_212218 American Red Squirrel very clear and possible to hear palate or nasal-related sounds TRIM.mp3,highlights/audio_normalized/MAMMALS/DENAHOTS_20140601_212218 American Red Squirrel very clear and possible to hear palate or nasal-related sounds TRIM.mp3,ok,-39.29,-19.34,5.7,-27.29,-1.1,12.0,21.29,gain_capped,boost capped at 12.0 dB (would have been 21.3 dB)
denarugl_20060619_043533,Bear attacks audio equipment,highlights/audio/MAMMALS/DENARUGL_20060619_043533 Bear attacks audio equipment.mp3,archive/pre_loudness_normalize/highlights/audio/MAMMALS/DENARUGL_20060619_043533 Bear attacks audio equipment.mp3,highlights/audio_normalized/MAMMALS/DENARUGL_20060619_043533 Bear attacks audio equipment.mp3,ok,-27.35,-5.21,12.1,-18.0,4.41,9.35,9.35,,
denatrla_20170712_233940,very clear reverberant Coyote howls,highlights/audio/MAMMALS/DENATRLA_20170712_233940 very clear reverberant Coyote howls TRIM.mp3,archive/pre_loudness_normalize/highlights/audio/MAMMALS/DENATRLA_20170712_233940 very clear reverberant Coyote howls TRIM.mp3,highlights/audio_normalized/MAMMALS/DENATRLA_20170712_233940 very clear reverberant Coyote howls TRIM.mp3,ok,-21.97,-5.85,17.2,-18.0,0.48,3.97,3.97,,
denatrla_20180809_213355,coyote howls,highlights/audio/MAMMALS/DENATRLA_20180809_213355 coyote howls AMPLIFY +15dB.mp3,archive/pre_loudness_normalize/highlights/audio/MAMMALS/DENATRLA_20180809_213355 coyote howls AMPLIFY +15dB.mp3,highlights/audio_normalized/MAMMALS/DENATRLA_20180809_213355 coyote howls AMPLIFY +15dB.mp3,ok,-49.97,-29.86,9.7,-37.97,0.21,12.0,31.97,gain_capped,boost capped at 12.0 dB (would have been 32.0 dB)
denatrla_20240618_160107,"clear, relatively undistorted American Red Squirrel calls","highlights/audio/MAMMALS/DENATRLA_20240618_160107 clear, relatively undistorted American Red Squirrel calls TRIM.mp3","archive/pre_loudness_normalize/highlights/audio/MAMMALS/DENATRLA_20240618_160107 clear, relatively undistorted American Red Squirrel calls TRIM.mp3","highlights/audio_normalized/MAMMALS/DENATRLA_20240618_160107 clear, relatively undistorted American Red Squirrel calls TRIM.mp3",ok,-37.16,-13.46,14.9,-25.16,-0.31,12.0,19.16,gain_capped,boost capped at 12.0 dB (would have been 19.2 dB)
denatrla_20240719_213623,"very clear, spastic and varied American Red Squirrel alarm calls","highlights/audio/MAMMALS/DENATRLA_20240719_213623 very clear, spastic and varied American Red Squirrel alarm calls TRIM.mp3","archive/pre_loudness_normalize/highlights/audio/MAMMALS/DENATRLA_20240719_213623 very clear, spastic and varied American Red Squirrel alarm calls TRIM.mp3","highlights/audio_normalized/MAMMALS/DENATRLA_20240719_213623 very clear, spastic and varied American Red Squirrel alarm calls TRIM.mp3",ok,-20.28,-1.65,24.7,-18.0,-0.38,2.28,2.28,,
denavabm_20090729_035000,Bear huffing,highlights/audio/MAMMALS/DENAVABM_20090729_035000_Bear huffing.mp3,archive/pre_loudness_normalize/highlights/audio/MAMMALS/DENAVABM_20090729_035000_Bear huffing.mp3,highlights/audio_normalized/MAMMALS/DENAVABM_20090729_035000_Bear huffing.mp3,ok,-43.94,-8.64,2.2,-31.94,-0.3,12.0,25.94,gain_capped,boost capped at 12.0 dB (would have been 25.9 dB)
glbabartc_20210628_065656,Humpback Whale vocalizations and slapping with Sooty Grouse and avian chorus,highlights/audio/MAMMALS/GLBABARTC_20210628_065656 Humpback Whale vocalizations and slapping with Sooty Grouse and avian chorus TRIM COMPRESS AMPLIFY FADE.mp3,archive/pre_loudness_normalize/highlights/audio/MAMMALS/GLBABARTC_20210628_065656 Humpback Whale vocalizations and slapping with Sooty Grouse and avian chorus TRIM COMPRESS AMPLIFY FADE.mp3,highlights/audio_normalized/MAMMALS/GLBABARTC_20210628_065656 Humpback Whale vocalizations and slapping with Sooty Grouse and avian chorus TRIM COMPRESS AMPLIFY FADE.mp3,ok,-26.9,-1.66,28.3,-18.0,1.94,8.9,8.9,,
glbabartc_20210628_065656-mp3,Humpback Whale vocalizations and slapping with Sooty Grouse and avian chorus TRIMMED MORE,"highlights/audio/MAMMALS/GLBABARTC_20210628_065656 Humpback Whale vocalizations and slapping with Sooty Grouse and avian chorus TRIMMED MORE, COMPRESS AMPLIFY FADE.mp3","archive/pre_loudness_normalize/highlights/audio/MAMMALS/GLBABARTC_20210628_065656 Humpback Whale vocalizations and slapping with Sooty Grouse and avian chorus TRIMMED MORE, COMPRESS AMPLIFY FADE.mp3","highlights/audio_normalized/MAMMALS/GLBABARTC_20210628_065656 Humpback Whale vocalizations and slapping with Sooty Grouse and avian chorus TRIMMED MORE, COMPRESS AMPLIFY FADE.mp3",ok,-21.4,-1.12,24.1,-18.0,0.28,3.4,3.4,,
glbamcleod_20220611_034405,a long sequence of Humpback Whale breathing,highlights/audio/MAMMALS/GLBAMCLEOD_20220611_034405 a long sequence of Humpback Whale breathing TRIM.mp3,archive/pre_loudness_normalize/highlights/audio/MAMMALS/GLBAMCLEOD_20220611_034405 a long sequence of Humpback Whale breathing TRIM.mp3,highlights/audio_normalized/MAMMALS/GLBAMCLEOD_20220611_034405 a long sequence of Humpback Whale breathing TRIM.mp3,ok,-52.19,-33.33,16.8,-40.19,0.84,12.0,34.19,gain_capped,boost capped at 12.0 dB (would have been 34.2 dB)
glbarendu_20220610_213326,Humpback Whale with birdsong in background,highlights/audio/MAMMALS/GLBARENDU_20220610_213326 Humpback Whale with birdsong in background TRIM.mp3,archive/pre_loudness_normalize/highlights/audio/MAMMALS/GLBARENDU_20220610_213326 Humpback Whale with birdsong in background TRIM.mp3,highlights/audio_normalized/MAMMALS/GLBARENDU_20220610_213326 Humpback Whale with birdsong in background TRIM.mp3,ok,-40.04,-13.12,12.6,-28.04,1.72,12.0,22.04,gain_capped,boost capped at 12.0 dB (would have been 22.0 dB)
glbarendu_20220612_162613,low-pitched Humpback Whale calls,highlights/audio/MAMMALS/GLBARENDU_20220612_162613 low-pitched Humpback Whale calls.mp3,archive/pre_loudness_normalize/highlights/audio/MAMMALS/GLBARENDU_20220612_162613 low-pitched Humpback Whale calls.mp3,highlights/audio_normalized/MAMMALS/GLBARENDU_20220612_162613 low-pitched Humpback Whale calls.mp3,ok,-35.49,-13.74,20.2,-23.49,3.22,12.0,17.49,gain_capped,boost capped at 12.0 dB (would have been 17.5 dB)
glbarendu_20220613_214042,Humpback Whale slapping sounds,highlights/audio/MAMMALS/GLBARENDU_20220613_214042 Humpback Whale slapping sounds TRIM.mp3,archive/pre_loudness_normalize/highlights/audio/MAMMALS/GLBARENDU_20220613_214042 Humpback Whale slapping sounds TRIM.mp3,highlights/audio_normalized/MAMMALS/GLBARENDU_20220613_214042 Humpback Whale slapping sounds TRIM.mp3,ok,-26.59,-0.11,19.8,-18.0,6.63,8.59,8.59,hot_peak,input peak -0.1 dBFS — limiter will engage
glbarendu_20220613_234543,varied alarm calls including Hoary Marmot,highlights/audio/MAMMALS/GLBARENDU_20220613_234543 varied alarm calls including Hoary Marmot.mp3,archive/pre_loudness_normalize/highlights/audio/MAMMALS/GLBARENDU_20220613_234543 varied alarm calls including Hoary Marmot.mp3,highlights/audio_normalized/MAMMALS/GLBARENDU_20220613_234543 varied alarm calls including Hoary Marmot.mp3,ok,-45.72,-22.12,14.5,-33.72,3.22,12.0,27.72,gain_capped,boost capped at 12.0 dB (would have been 27.7 dB)
katm005_20100915_070024,excellent gutteral bear sounds,highlights/audio/MAMMALS/KATM005_20100915_070024 excellent gutteral bear sounds TRIM.mp3,archive/pre_loudness_normalize/highlights/audio/MAMMALS/KATM005_20100915_070024 excellent gutteral bear sounds TRIM.mp3,highlights/audio_normalized/MAMMALS/KATM005_20100915_070024 excellent gutteral bear sounds TRIM.mp3,ok,-28.43,-8.29,18.9,-18.0,2.77,10.43,10.43,high_gain,boost ~10.4 dB — may raise background noise
laclchba_20180703_060620,clear coyotes,highlights/audio/MAMMALS/LACLCHBA_20180703_060620 clear coyotes.mp3,archive/pre_loudness_normalize/highlights/audio/MAMMALS/LACLCHBA_20180703_060620 clear coyotes.mp3,highlights/audio_normalized/MAMMALS/LACLCHBA_20180703_060620 clear coyotes.mp3,ok,-22.15,-0.71,12.9,-18.0,1.66,4.15,4.15,,
wrstblmt_20150402_093032,clear wolves howling with Ptarmigan pt. 2,highlights/audio/MAMMALS/WRSTBLMT_20150402_093032 clear wolves howling with Ptarmigan pt. 2.mp3,archive/pre_loudness_normalize/highlights/audio/MAMMALS/WRSTBLMT_20150402_093032 clear wolves howling with Ptarmigan pt. 2.mp3,highlights/audio_normalized/MAMMALS/WRSTBLMT_20150402_093032 clear wolves howling with Ptarmigan pt. 2.mp3,ok,-46.86,-22.67,16.0,-34.86,1.55,12.0,28.86,gain_capped,boost capped at 12.0 dB (would have been 28.9 dB)
wrstblmt_20150402_093032-mp3,"clear wolves howling, slowly builds, Ptarmigan joins too!","highlights/audio/MAMMALS/WRSTBLMT_20150402_093032 clear wolves howling, slowly builds, Ptarmigan joins too!.mp3","archive/pre_loudness_normalize/highlights/audio/MAMMALS/WRSTBLMT_20150402_093032 clear wolves howling, slowly builds, Ptarmigan joins too!.mp3","highlights/audio_normalized/MAMMALS/WRSTBLMT_20150402_093032 clear wolves howling, slowly builds, Ptarmigan joins too!.mp3",ok,-57.82,-29.04,8.1,-45.82,-0.76,12.0,39.82,gain_capped,boost capped at 12.0 dB (would have been 39.8 dB)
wrstblmt_20150409_103518,Wolves howling - three distinct voices from an individual followed by group chorus,highlights/audio/MAMMALS/WRSTBLMT_20150409_103518 Wolves howling - three distinct voices from an individual followed by group chorus.mp3,archive/pre_loudness_normalize/highlights/audio/MAMMALS/WRSTBLMT_20150409_103518 Wolves howling - three distinct voices from an individual followed by group chorus.mp3,highlights/audio_normalized/MAMMALS/WRSTBLMT_20150409_103518 Wolves howling - three distinct voices from an individual followed by group chorus.mp3,ok,-47.29,-20.39,9.4,-35.29,-1.34,12.0,29.29,gain_capped,boost capped at 12.0 dB (would have been 29.3 dB)
wrstblmt_20150429_225402,clear Wolves howling,highlights/audio/MAMMALS/WRSTBLMT_20150429_225402 clear Wolves howling.mp3,archive/pre_loudness_normalize/highlights/audio/MAMMALS/WRSTBLMT_20150429_225402 clear Wolves howling.mp3,highlights/audio_normalized/MAMMALS/WRSTBLMT_20150429_225402 clear Wolves howling.mp3,ok,-44.65,-15.35,17.5,-32.65,2.52,12.0,26.65,gain_capped,boost capped at 12.0 dB (would have been 26.6 dB)
wrstblmt_20170128_072543,excellent wolf pack howling - beautiful spectrogram,highlights/audio/MAMMALS/WRSTBLMT_20170128_072543 excellent wolf pack howling - beautiful spectrogram - BANDPASS 100 - 4000 Hz AMPLIFY +8 dBFS.mp3,archive/pre_loudness_normalize/highlights/audio/MAMMALS/WRSTBLMT_20170128_072543 excellent wolf pack howling - beautiful spectrogram - BANDPASS 100 - 4000 Hz AMPLIFY +8 dBFS.mp3,highlights/audio_normalized/MAMMALS/WRSTBLMT_20170128_072543 excellent wolf pack howling - beautiful spectrogram - BANDPASS 100 - 4000 Hz AMPLIFY +8 dBFS.mp3,ok,-32.2,-13.74,20.0,-20.2,-0.35,12.0,14.2,gain_capped,boost capped at 12.0 dB (would have been 14.2 dB)
wrstblmt_20170204_124537,clear solitary wolf howling occasional background group,highlights/audio/MAMMALS/WRSTBLMT_20170204_124537 clear solitary wolf howling occasional background group BANDPASS 200 - 2500 Hz AMPLIFY +15 dBFS.mp3,archive/pre_loudness_normalize/highlights/audio/MAMMALS/WRSTBLMT_20170204_124537 clear solitary wolf howling occasional background group BANDPASS 200 - 2500 Hz AMPLIFY +15 dBFS.mp3,highlights/audio_normalized/MAMMALS/WRSTBLMT_20170204_124537 clear solitary wolf howling occasional background group BANDPASS 200 - 2500 Hz AMPLIFY +15 dBFS.mp3,ok,-32.88,-14.38,27.6,-20.88,3.51,12.0,14.88,gain_capped,boost capped at 12.0 dB (would have been 14.9 dB)
wrstblmt_20170204_124537-mp3,clear solitary wolf howling occasional background group,highlights/audio/MAMMALS/WRSTBLMT_20170204_124537 clear solitary wolf howling occasional background group.mp3,archive/pre_loudness_normalize/highlights/audio/MAMMALS/WRSTBLMT_20170204_124537 clear solitary wolf howling occasional background group.mp3,highlights/audio_normalized/MAMMALS/WRSTBLMT_20170204_124537 clear solitary wolf howling occasional background group.mp3,ok,-52.87,-28.39,17.1,-40.87,3.32,12.0,34.87,gain_capped,boost capped at 12.0 dB (would have been 34.9 dB)
wrstblmt_20170211_002212,solitary wolf howl leads into group howling,highlights/audio/MAMMALS/WRSTBLMT_20170211_002212 solitary wolf howl leads into group howling.mp3,archive/pre_loudness_normalize/highlights/audio/MAMMALS/WRSTBLMT_20170211_002212 solitary wolf howl leads into group howling.mp3,highlights/audio_normalized/MAMMALS/WRSTBLMT_20170211_002212 solitary wolf howl leads into group howling.mp3,ok,-54.14,-25.76,13.0,-42.14,0.75,12.0,36.14,gain_capped,boost capped at 12.0 dB (would have been 36.1 dB)
wrstblmt_20170322_201312,"clear solitary wolf howling, vocal cracking","highlights/audio/MAMMALS/WRSTBLMT_20170322_201312 clear solitary wolf howling, vocal cracking.mp3","archive/pre_loudness_normalize/highlights/audio/MAMMALS/WRSTBLMT_20170322_201312 clear solitary wolf howling, vocal cracking.mp3","highlights/audio_normalized/MAMMALS/WRSTBLMT_20170322_201312 clear solitary wolf howling, vocal cracking.mp3",ok,-48.81,-34.52,23.1,-36.81,6.26,12.0,30.81,gain_capped,boost capped at 12.0 dB (would have been 30.8 dB)
wrstcopa_20160313_014852,solitary wolf howl very clear,highlights/audio/MAMMALS/WRSTCOPA_20160313_014852 solitary wolf howl very clear.mp3,archive/pre_loudness_normalize/highlights/audio/MAMMALS/WRSTCOPA_20160313_014852 solitary wolf howl very clear.mp3,highlights/audio_normalized/MAMMALS/WRSTCOPA_20160313_014852 solitary wolf howl very clear.mp3,ok,-34.13,-21.88,10.6,-22.13,-1.15,12.0,16.13,gain_capped,boost capped at 12.0 dB (would have been 16.1 dB)
wrsttala_20160229_204005,clear group wolf howls,highlights/audio/MAMMALS/WRSTTALA_20160229_204005 clear group wolf howls TRIM.mp3,archive/pre_loudness_normalize/highlights/audio/MAMMALS/WRSTTALA_20160229_204005 clear group wolf howls TRIM.mp3,highlights/audio_normalized/MAMMALS/WRSTTALA_20160229_204005 clear group wolf howls TRIM.mp3,ok,-40.68,-21.42,12.3,-28.68,-1.25,12.0,22.68,gain_capped,boost capped at 12.0 dB (would have been 22.7 dB)
wrsttala_20160401_010659,relatively clear pair of wolves howling with reverberation,highlights/audio/MAMMALS/WRSTTALA_20160401_010659 relatively clear pair of wolves howling with reverberation TRIM AMPLIFY +10dB.mp3,archive/pre_loudness_normalize/highlights/audio/MAMMALS/WRSTTALA_20160401_010659 relatively clear pair of wolves howling with reverberation TRIM AMPLIFY +10dB.mp3,highlights/audio_normalized/MAMMALS/WRSTTALA_20160401_010659 relatively clear pair of wolves howling with reverberation TRIM AMPLIFY +10dB.mp3,ok,-46.72,-33.14,16.6,-34.72,1.22,12.0,28.72,gain_capped,boost capped at 12.0 dB (would have been 28.7 dB)
