filepath,old_title,new_title,old_artist,new_artist,changed
"BIRDS/DENABICR_20130809_020959 Great Grey Owl call with whooping end variation TRIM, NOISE REDUCTION, AMPLIFY.mp3",Great Grey Owl call with whooping end variation,Great Grey Owl call with whooping end variation,National Park Service,National Park Service,False
BIRDS/DENAFANG_20110708_023655_White-tailed Ptarmigan BESSEL BANDPASS 70 Hz 7000 Hz TRIM.mp3,White-tailed Ptarmigan,White-tailed Ptarmigan,National Park Service,National Park Service,False
BIRDS/DENAHAUK_20140606_035354 Northern Waterthrush song with other chorus members TRIM.mp3,Northern Waterthrush song with other chorus members,Northern Waterthrush song with other chorus members,National Park Service,National Park Service,False
BIRDS/DENAHAUK_20140607_214150 Varied Thrush song long sequence TRIM BANDPASS 700 - 8000 Hz AMPLIFY +20 dBu TRIM.mp3,Varied Thrush song long sequence,Varied Thrush song long sequence,National Park Service,National Park Service,False
BIRDS/DENAHIG1_20120802_035742 Willow Ptarmigan clear TRIMMED.mp3,Willow Ptarmigan clear TRIMMED,Willow Ptarmigan clear TRIMMED,National Park Service,National Park Service,False
"BIRDS/DENAHOG3_20120601_034833 clear Fox Sparrow song possible calls, chorus background.mp3",,"clear Fox Sparrow song possible calls, chorus background",,National Park Service,True
"BIRDS/DENAHOG3_20120605_074102 American Tree Sparrow song, chorus background.mp3","American Tree Sparrow song, chorus background","American Tree Sparrow song, chorus background",National Park Service,National Park Service,False
"BIRDS/DENAHOTS_20140602_085834 excellent slow Northern Raven 'croak' calls, popping call, and water-droplet with reverberation TRIM BANDPASS 300 - 8000 Hz AMPLIFY _15 dBu.mp3",,"excellent slow Northern Raven 'croak' calls, popping call, and water-droplet with reverberation",,National Park Service,True
"BIRDS/DENAKICH_20120524_081441 Wandering Tattler with background chorus of GCSP, FOSP TRIM.mp3","Wandering Tattler with background chorus of GCSP, FOSP","Wandering Tattler with background chorus of GCSP, FOSP",National Park Service,National Park Service,False
BIRDS/DENAMURI_20150516_050450 Common Loon with robust chorus TRIM.mp3,Common Loon with robust chorus,Common Loon with robust chorus,National Park Service,National Park Service,False
BIRDS/DENAMURI_20150519_094517 clear Blackpoll Warbler with dense chorus below TRIM.mp3,,clear Blackpoll Warbler with dense chorus below,,National Park Service,True
"BIRDS/DENAMURI_20150523_045418 chorus with Swainson's Thrush, Common Loon TRIM.mp3","chorus with Swainson's Thrush, Common Loon","chorus with Swainson's Thrush, Common Loon",National Park Service,National Park Service,False
"BIRDS/DENAMURI_20150526_060431 very reverberant Sandhill Crane with chorus, TRIM.mp3",very reverberant Sandhill Crane with chorus,very reverberant Sandhill Crane with chorus,National Park Service,National Park Service,False
BIRDS/DENAPOL2_20120619_092801 excellent clear Fox Sparrow song TRIM.mp3,excellent clear Fox Sparrow song,excellent clear Fox Sparrow song,National Park Service,National Park Service,False
BIRDS/DENASAN3_20120603_020932 White-crowned Sparrow song with chorus background.mp3,,White-crowned Sparrow song with chorus background,,National Park Service,True
"BIRDS/DENASUSH_20260610_092353 excellent Northern Raven flight calls with reverberance, preceded by wingbeats (small TRIM).mp3","excellent Northern Raven flight calls with reverberance, preceded by wingbeats (small","excellent Northern Raven flight calls with reverberance, preceded by wingbeats (small",National Park Service,National Park Service,False
BIRDS/DENATOKO_20160512_052310 White-crowned Sparrow song with chorus background.mp3,,White-crowned Sparrow song with chorus background,,National Park Service,True
"BIRDS/DENATOKO_20160616_053228 Orange-crowned Warbler song background chorus, Tokositna River.mp3",,"Orange-crowned Warbler song background chorus, Tokositna River",,National Park Service,True
BIRDS/DENATRLA_20240624_045058 clear American Three-toed Woodpecker drumming with lively chorus SWTH DEJU TRIM.mp3,clear American Three-toed Woodpecker drumming with lively chorus SWTH DEJU,clear American Three-toed Woodpecker drumming with lively chorus SWTH DEJU,National Park Service,National Park Service,False
BIRDS/DENAWOCR_20150624_202549 Fox Sparrow song with thunder and Swainson's Thrush TRIM.mp3,,Fox Sparrow song with thunder and Swainson's Thrush,,National Park Service,True
BIRDS/GAARFLOR_20180615_045829 very clear American Robin song.mp3,Swainson's Thrush,very clear American Robin song,"67.13968
, -150.87558
","Betchkal, Davyd",True
"BIRDS/GAARFLOR_20180617_125710 chorus with White-crowned Sparrow, Swainson's Thrush, American Red Squirrel.mp3","chorus with White-crowned Sparrow, Swainson's Thrush, American Red Squirrel","chorus with White-crowned Sparrow, Swainson's Thrush, American Red Squirrel","Betchkal, Davyd","Betchkal, Davyd",False
BIRDS/GAARFLOR_20180618_053001 Common Loon with rich avian chorus.mp3,Chorus,Common Loon with rich avian chorus,"67.13968
, -150.87558
","Betchkal, Davyd",True
BIRDS/GAARMWAL_20140617_064326 Mew Gull with chorus background TRIM.mp3,Mew Gull with chorus background,Mew Gull with chorus background,"Betchkal, Davyd","Betchkal, Davyd",False
"BIRDS/GAARNNUT_20140704_072937 clear, punctuated Common Loon, background chorus.mp3","clear, punctuated Common Loon, background chorus","clear, punctuated Common Loon, background chorus","Betchkal, Davyd","Betchkal, Davyd",False
BIRDS/GAARUPNO_20180606_150920 avian chorus with Savanah Sparrow and occasional insect wingbeats.mp3,,avian chorus with Savanah Sparrow and occasional insect wingbeats,,National Park Service,True
BIRDS/GAARUPNO_20180607_025501 Savanah Sparrow song with chorus background.mp3,,Savanah Sparrow song with chorus background,,National Park Service,True
BIRDS/GLBABARTC_20200707_111214._Sooty_Grous_near_mic_AMPLIFY_FADEewav.mp3,,GLBABARTC_20200707_111214._Sooty_Grous_near_mic_AMPLIFY_FADEewav,,National Park Service,True
BIRDS/GLBARENDU_20220616_230000 very clear Varied Thrush song background Humpback Whale activity (TRIM).mp3,very clear Varied Thrush song background Humpback Whale activity (TRIM),very clear Varied Thrush song background Humpback Whale activity (TRIM),National Park Service,National Park Service,False
"BIRDS/KATMCROS_20170731_051841 Gray-cheeked Thrush song with diverse, distant riparian background chorus.mp3",,"Gray-cheeked Thrush song with diverse, distant riparian background chorus",,National Park Service,True
BIRDS/KATMJOJO_20160710_221044 excellent Common Loon call chorus.mp3,excellent Common Loon call chorus,excellent Common Loon call chorus,"Betchkal, Davyd; Peterson,  Robert","Betchkal, Davyd; Peterson,  Robert",False
"BIRDS/KATMKABA_20160823_205149 excellent very clear Northern Raven calls, background American Tree Sparrow calls.mp3",,"excellent very clear Northern Raven calls, background American Tree Sparrow calls",,National Park Service,True
BIRDS/LACLHANM_20190829_062559 very clear Common Loon calls with extensive echo and some distortion (TRIM).mp3,very clear Common Loon calls with extensive echo and some distortion (TRIM),very clear Common Loon calls with extensive echo and some distortion (TRIM),National Park Service,National Park Service,False
GENERAL/DENAHIG1_20120728_122042 insect and running animal.mp3,,insect and running animal,,National Park Service,True
GENERAL/DENAMOOS_20180814_105458 if a tree falls.mp3,,if a tree falls,,National Park Service,True
GENERAL/DENAPHEN_20160326_044922 Denali Kennels dogs howling TRIM.mp3,Denali Kennels dogs howling,Denali Kennels dogs howling,National Park Service,National Park Service,False
GENERAL/DENAPHEN_20160326_044922 Denali Kennels dogs howling.mp3,,Denali Kennels dogs howling,,National Park Service,True
GENERAL/DENATHRI_20150630_125351 rain faint chorus.mp3,,rain faint chorus,,National Park Service,True
GENERAL/DENATOKO_20160511_070134 long cut of avian chorus with showers TRIM.mp3,,long cut of avian chorus with showers,,National Park Service,True
GENERAL/DENATOKO_20160513_130223 animal movement bird chorus and river.mp3,,animal movement bird chorus and river,,National Park Service,True
GENERAL/GLBABARTC_20210726_194850_curious_natural_sound like child humming TRIM FADE COMPRESS AMPLIFY.mp3,,curious_natural_sound like child humming,,National Park Service,True
GENERAL/LACLKIJK_20180619_193149 ambience with raindrops and punctuated bird song.mp3,,ambience with raindrops and punctuated bird song,,National Park Service,True
GENERAL/LACLKIJK_20180619_194318 ambience with raindrops and avian chorus.mp3,,ambience with raindrops and avian chorus,,National Park Service,True
GEOPHONY/DENABACK_20140609_004008 pronounced rock slide with several phases AMPLIFY +15 dBFS (slight TRIM).mp3,pronounced rock slide with several phases,pronounced rock slide with several phases,National Park Service,National Park Service,False
GEOPHONY/DENABACK_20140724_210128 rock slide with large pieces at end.mp3,rock slide with large pieces at end,rock slide with large pieces at end,National Park Service,National Park Service,False
GEOPHONY/DENABICR_20130707_143335-Thunder And Rain TRIM.mp3,DENABICR_20130707_143335-Thunder And Rain,DENABICR_20130707_143335-Thunder And Rain,National Park Service,National Park Service,False
GEOPHONY/DENABMUL_20210330_001843 Muldrow surge long cut TRIM.mp3,,Muldrow surge long cut,,National Park Service,True
GEOPHONY/DENABMUL_20210401_051821 Muldrow surge long cut TRIM.mp3,,Muldrow surge long cut,,National Park Service,True
GEOPHONY/DENABMUL_20210401_051821 Muldrow surge shorter clip.mp3,Muldrow surge shorter clip,Muldrow surge shorter clip,National Park Service,National Park Service,False
"GEOPHONY/DENABMUL_20210401_091907 Muldrow surge long cut, extensive low-frequency rumbling features TRIM.mp3",,"Muldrow surge long cut, extensive low-frequency rumbling features",,National Park Service,True
"GEOPHONY/DENACATH_20120808_064000 good quality rock slide, slow speed, blocky extrusive igneous chunks TRIM.mp3","good quality rock slide, slow speed, blocky extrusive igneous chunks","good quality rock slide, slow speed, blocky extrusive igneous chunks",National Park Service,National Park Service,False
GEOPHONY/DENAKICH_20120522_100025_Avalanche with bird song.mp3,,Avalanche with bird song,,National Park Service,True
GEOPHONY/DENAKICH_20120522_161217 Avalanche loud and sudden AMPLIFY -3 dBFS FADE OUT.mp3,,Avalanche loud and sudden,,National Park Service,True
GEOPHONY/DENARUTH_20190526_040919 small avalanche with distinct slab-breaking event AMPLIFY +15dB.mp3,small avalanche with distinct slab-breaking event,small avalanche with distinct slab-breaking event,National Park Service,National Park Service,False
GEOPHONY/DENARUTH_20190529_214609 prominent snow avalanche.mp3,prominent snow avalanche,prominent snow avalanche,National Park Service,National Park Service,False
GEOPHONY/DENASKGL_20210602_041003 rock slide.mp3,,rock slide,,National Park Service,True
"GEOPHONY/DENASUSH_20260612_111248 clear, crisp thunder TRIM.mp3","clear, crisp thunder","clear, crisp thunder",National Park Service,National Park Service,False
"GEOPHONY/DENATRLA_20240802_081511 a moderate-sized rock slide for this site location, probably from Nenana Ridge to the northeast, ~500 meters.mp3",,"a moderate-sized rock slide for this site location, probably from Nenana Ridge to the northeast, ~500 meters",,National Park Service,True
"GEOPHONY/DENATRLA_20240802_152712 rock slide, probably from Nenana Ridge to northeast about 500 meters.mp3",,"rock slide, probably from Nenana Ridge to northeast about 500 meters",,National Park Service,True
GEOPHONY/DENAUDAL_20100702_132530 ice bubbles and creaking.mp3,,ice bubbles and creaking,,National Park Service,True
GEOPHONY/DENAUDAL_20100702_132533 ice bubbles and creaking BESSEL FILTER 1000 - 10000 Hz AMPLIFY +20 dBFS.mp3,ice bubbles and creaking,ice bubbles and creaking,National Park Service,National Park Service,False
GEOPHONY/DENAUPEL_20130511_232743-RockSlide.mp3,,DENAUPEL_20130511_232743-RockSlide,,National Park Service,True
GEOPHONY/DENAUTOK_20190810_082714 rock slide with deep thump.mp3,rock slide with deep thump,rock slide with deep thump,National Park Service,National Park Service,False
GEOPHONY/DENAUYEN_20120520_124131 short midground rock slide.mp3,,short midground rock slide,,National Park Service,True
"GEOPHONY/DENAUYEN_20120520_180417 avalanche with two major bursts, then a long wash-out.mp3",,"avalanche with two major bursts, then a long wash-out",,National Park Service,True
"GEOPHONY/DENAUYEN_20120521_144128 clear, deep rock motion on the glacier.mp3","clear, deep rock motion on the glacier","clear, deep rock motion on the glacier",National Park Service,National Park Service,False
GEOPHONY/DENAUYEN_20120523_075701 quality rock slide audio.mp3,quality rock slide audio,quality rock slide audio,National Park Service,National Park Service,False
"GEOPHONY/DENAUYEN_20120524_215113 excellent, steady rock slide audio.mp3","excellent, steady rock slide audio","excellent, steady rock slide audio",National Park Service,National Park Service,False
"GEOPHONY/GAARARRI_20180624_075645 small rockfall, background avian chorus.mp3",,"small rockfall, background avian chorus",,National Park Service,True
"GEOPHONY/GAARARRI_20180625_071639 rockslide, background Golden-crowned Sparrow song TRIM.mp3","rockslide, background Golden-crowned Sparrow song","rockslide, background Golden-crowned Sparrow song",National Park Service,National Park Service,False
GEOPHONY/GAARARRI_20180628_145728 Thunder and beginning of rain shower.mp3,Thunder and beginning of rain shower,Thunder and beginning of rain shower,National Park Service,National Park Service,False
GEOPHONY/GAARITKI_20190621_150734 thunder AMPLIFY +10dB.mp3,thunder,thunder,National Park Service,National Park Service,False
GEOPHONY/GAARNWAL_20140708_140748 thunder no clipping.mp3,thunder no clipping,thunder no clipping,National Park Service,National Park Service,False
INSECTS/DENACABN_20130714_112628-UnknownOrthopteran.mp3,,DENACABN_20130714_112628-UnknownOrthopteran,,National Park Service,True
INSECTS/DENAMCRI_20120725_151912_Mosquito (clear).mp3,,Mosquito (clear),,National Park Service,True
INSECTS/DENAMCRI_20120810_191000 mosquitos close.mp3,,mosquitos close,,National Park Service,True
INSECTS/DENAMOOS_20180719_075149 insect wingbeats with two acoustically distinct behaviors.mp3,,insect wingbeats with two acoustically distinct behaviors,,National Park Service,True
INSECTS/DENATOKO_20160506_015745 deep insect wingbeats.mp3,,deep insect wingbeats,,National Park Service,True
INSECTS/DENATOKO_20160507_232954 insect wingbeats with Varied Thrush song.mp3,,insect wingbeats with Varied Thrush song,,National Park Service,True
INSECTS/DENATOKO_20190701_100630 long insect wingbeat tone.mp3,,long insect wingbeat tone,,National Park Service,True
INSECTS/DENATRLA_20240629_213201 very clear insect wings close to the windscreen.mp3,,very clear insect wings close to the windscreen,,National Park Service,True
INSECTS/GAARARRI_20180625_195435 bumble bee and avian chorus.mp3,,bumble bee and avian chorus,,National Park Service,True
INSECTS/GAARARRI_20180723_155006 Grasshoppers stridulating.mp3,,Grasshoppers stridulating,,National Park Service,True
INSECTS/GAARFLOR_20180612_210329 clear insect buzzing.mp3,,clear insect buzzing,,National Park Service,True
INSECTS/GAARFLOR_20180704_185606 moth wingbeats.mp3,,moth wingbeats,,National Park Service,True
INSECTS/GAARNNUT_20140705_214919 very clear insect wingbeats.mp3,,very clear insect wingbeats,,National Park Service,True
"INSECTS/GAARNNUT_20140706_112454 long, horrible insect recording.mp3",,"long, horrible insect recording",,National Park Service,True
"INSECTS/GAARPALA_20190615_075733 interesting repeated insect wingbeats with nearly identical harmonic structure each time, avian background.mp3",,"interesting repeated insect wingbeats with nearly identical harmonic structure each time, avian background",,National Park Service,True
INSECTS/GAARUPNO_20180726_222040 fly sporadically buzzes.mp3,,fly sporadically buzzes,,National Park Service,True
INSECTS/KATMDORI_20160811_093232 a long insect event with rich harmonics.mp3,,a long insect event with rich harmonics,,National Park Service,True
INSECTS/KATMJOJO_20160628_090025 insect wingbeats slowly increase in pitch.mp3,,insect wingbeats slowly increase in pitch,,National Park Service,True
"INSECTS/KATMKABA_20160730_044150 large insect repeatedly lands on windscreen, background gulls surf.mp3",,"large insect repeatedly lands on windscreen, background gulls surf",,National Park Service,True
INSECTS/KATMTACT_20170714_114719 good quality buzzy insect wingbeats.mp3,,good quality buzzy insect wingbeats,,National Park Service,True
MAMMALS/DENACATH_20170727_181009 Arctic Ground Squirrel call with reverberation.mp3,,Arctic Ground Squirrel call with reverberation,,National Park Service,True
MAMMALS/DENAFANG_20110706_064839_Dall Sheep bleating TRIM.mp3,Dall Sheep bleating,Dall Sheep bleating,National Park Service,National Park Service,False
MAMMALS/DENAFANG_20130730_090604_Caribou_Walking-Snorting-Grazing.mp3,Caribou_Walking-Snorting-Grazing,Caribou_Walking-Snorting-Grazing,National Park Service,National Park Service,False
MAMMALS/DENAHAUK_20140617_084002 iron creek west wolves (male 1405) howling interspersed with dawn chorus TRIM.mp3,iron creek west wolves (male 1405) howling interspersed with dawn chorus,iron creek west wolves (male 1405) howling interspersed with dawn chorus,National Park Service,National Park Service,False
MAMMALS/DENAHAUK_20140617_084002 iron creek west wolves (male 1405) howling interspersed with dawn chorus.mp3,,iron creek west wolves (male 1405) howling interspersed with dawn chorus,,National Park Service,True
MAMMALS/DENAHOTS_20140601_212218 American Red Squirrel very clear and possible to hear palate or nasal-related sounds TRIM.mp3,American Red Squirrel very clear and possible to hear palate or nasal-related sounds,American Red Squirrel very clear and possible to hear palate or nasal-related sounds,National Park Service,National Park Service,False
MAMMALS/DENARUGL_20060619_043533 Bear attacks audio equipment.mp3,Bear attacks audio equipment,Bear attacks audio equipment,National Park Service,National Park Service,False
MAMMALS/DENATRLA_20170712_233940 very clear reverberant Coyote howls TRIM.mp3,very clear reverberant Coyote howls,very clear reverberant Coyote howls,National Park Service,National Park Service,False
MAMMALS/DENATRLA_20180809_213355 coyote howls AMPLIFY +15dB.mp3,coyote howls,coyote howls,National Park Service,National Park Service,False
"MAMMALS/DENATRLA_20240618_160107 clear, relatively undistorted American Red Squirrel calls TRIM.mp3","clear, relatively undistorted American Red Squirrel calls","clear, relatively undistorted American Red Squirrel calls",National Park Service,National Park Service,False
"MAMMALS/DENATRLA_20240719_213623 very clear, spastic and varied American Red Squirrel alarm calls TRIM.mp3","very clear, spastic and varied American Red Squirrel alarm calls","very clear, spastic and varied American Red Squirrel alarm calls",National Park Service,National Park Service,False
MAMMALS/DENAVABM_20090729_035000_Bear huffing.mp3,,Bear huffing,62.88184	-150.88486,National Park Service,True
MAMMALS/GLBABARTC_20210628_065656 Humpback Whale vocalizations and slapping with Sooty Grouse and avian chorus TRIM COMPRESS AMPLIFY FADE.mp3,,Humpback Whale vocalizations and slapping with Sooty Grouse and avian chorus,,National Park Service,True
"MAMMALS/GLBABARTC_20210628_065656 Humpback Whale vocalizations and slapping with Sooty Grouse and avian chorus TRIMMED MORE, COMPRESS AMPLIFY FADE.mp3",Humpback Whale vocalizations and slapping with Sooty Grouse and avian chorus TRIMMED MORE,Humpback Whale vocalizations and slapping with Sooty Grouse and avian chorus TRIMMED MORE,National Park Service,National Park Service,False
MAMMALS/GLBAMCLEOD_20220611_034405 a long sequence of Humpback Whale breathing TRIM.mp3,a long sequence of Humpback Whale breathing,a long sequence of Humpback Whale breathing,National Park Service,National Park Service,False
MAMMALS/GLBARENDU_20220610_213326 Humpback Whale with birdsong in background TRIM.mp3,Humpback Whale with birdsong in background,Humpback Whale with birdsong in background,National Park Service,National Park Service,False
MAMMALS/GLBARENDU_20220612_162613 low-pitched Humpback Whale calls.mp3,,low-pitched Humpback Whale calls,,National Park Service,True
MAMMALS/GLBARENDU_20220613_214042 Humpback Whale slapping sounds TRIM.mp3,Humpback Whale slapping sounds,Humpback Whale slapping sounds,National Park Service,National Park Service,False
MAMMALS/GLBARENDU_20220613_234543 varied alarm calls including Hoary Marmot.mp3,,varied alarm calls including Hoary Marmot,,National Park Service,True
MAMMALS/KATM005_20100915_070024 excellent gutteral bear sounds TRIM.mp3,,excellent gutteral bear sounds,,National Park Service,True
MAMMALS/LACLCHBA_20180703_060620 clear coyotes.mp3,,clear coyotes,,National Park Service,True
MAMMALS/WRSTBLMT_20150402_093032 clear wolves howling with Ptarmigan pt. 2.mp3,clear wolves howling with Ptarmigan pt. 2,clear wolves howling with Ptarmigan pt. 2,National Park Service,National Park Service,False
"MAMMALS/WRSTBLMT_20150402_093032 clear wolves howling, slowly builds, Ptarmigan joins too!.mp3","clear wolves howling, slowly builds, Ptarmigan joins too!","clear wolves howling, slowly builds, Ptarmigan joins too!",National Park Service,National Park Service,False
MAMMALS/WRSTBLMT_20150409_103518 Wolves howling - three distinct voices from an individual followed by group chorus.mp3,,Wolves howling - three distinct voices from an individual followed by group chorus,,National Park Service,True
MAMMALS/WRSTBLMT_20150429_225402 clear Wolves howling.mp3,,clear Wolves howling,,National Park Service,True
MAMMALS/WRSTBLMT_20170128_072543 excellent wolf pack howling - beautiful spectrogram - BANDPASS 100 - 4000 Hz AMPLIFY +8 dBFS.mp3,,excellent wolf pack howling - beautiful spectrogram,,National Park Service,True
MAMMALS/WRSTBLMT_20170204_124537 clear solitary wolf howling occasional background group BANDPASS 200 - 2500 Hz AMPLIFY +15 dBFS.mp3,,clear solitary wolf howling occasional background group,,National Park Service,True
MAMMALS/WRSTBLMT_20170204_124537 clear solitary wolf howling occasional background group.mp3,,clear solitary wolf howling occasional background group,,National Park Service,True
MAMMALS/WRSTBLMT_20170211_002212 solitary wolf howl leads into group howling.mp3,,solitary wolf howl leads into group howling,,National Park Service,True
"MAMMALS/WRSTBLMT_20170322_201312 clear solitary wolf howling, vocal cracking.mp3",,"clear solitary wolf howling, vocal cracking",,National Park Service,True
MAMMALS/WRSTCOPA_20160313_014852 solitary wolf howl very clear.mp3,,solitary wolf howl very clear,,National Park Service,True
MAMMALS/WRSTTALA_20160229_204005 clear group wolf howls TRIM.mp3,clear group wolf howls,clear group wolf howls,National Park Service,National Park Service,False
MAMMALS/WRSTTALA_20160401_010659 relatively clear pair of wolves howling with reverberation TRIM AMPLIFY +10dB.mp3,relatively clear pair of wolves howling with reverberation,relatively clear pair of wolves howling with reverberation,National Park Service,National Park Service,False
